-- phpMyAdmin SQL Dump
-- version 4.8.5
-- https://www.phpmyadmin.net/
--
-- Host: 127.0.0.1
-- Waktu pembuatan: 23 Mar 2019 pada 10.04
-- Versi server: 10.1.38-MariaDB
-- Versi PHP: 7.3.3

SET SQL_MODE = "NO_AUTO_VALUE_ON_ZERO";
SET AUTOCOMMIT = 0;
START TRANSACTION;
SET time_zone = "+00:00";


/*!40101 SET @OLD_CHARACTER_SET_CLIENT=@@CHARACTER_SET_CLIENT */;
/*!40101 SET @OLD_CHARACTER_SET_RESULTS=@@CHARACTER_SET_RESULTS */;
/*!40101 SET @OLD_COLLATION_CONNECTION=@@COLLATION_CONNECTION */;
/*!40101 SET NAMES utf8mb4 */;

--
-- Database: `ta`
--

-- --------------------------------------------------------

--
-- Struktur dari tabel `admins`
--

CREATE TABLE `admins` (
  `id` int(11) NOT NULL,
  `username` varchar(80) DEFAULT NULL,
  `password` text,
  `nama` varchar(100) DEFAULT NULL,
  `telp` varchar(25) DEFAULT NULL,
  `email` varchar(100) DEFAULT NULL,
  `level` varchar(20) DEFAULT NULL
) ENGINE=InnoDB DEFAULT CHARSET=latin1;

--
-- Dumping data untuk tabel `admins`
--

INSERT INTO `admins` (`id`, `username`, `password`, `nama`, `telp`, `email`, `level`) VALUES
(10, 'devasatrio', '$2y$10$7d6KjJtH/GfK.45S1R9JAefDZgcCF3CW0DiW68a4FoTjiyGM/yUBS', 'deva satrio damara', '023934820948', 'satriosuklun@gmail.com', 'programer'),
(11, 'diansetiawan', '$2y$10$CpKmLECL3v8nVnL37Tb20ugH8QMjugXapUyuTpEhuXxziVvqddiWm', 'dian ade setiawan', '085623497800', 'dianade@gmail.com', 'programer'),
(12, 'adminsatu', '$2y$10$./4I24ToWf90yexH24nNr.C.hUtaTewshvVENi9d8bvHYxxNY/rsq', 'admin ke satu', '+6285816900612', 'admin1@gmail.com', 'admin'),
(13, 'abiihsan', '$2y$10$HtZx6PUklxwaaFntiHqV5.4BZiXNEXdF1eA/J.ce701M5Thi7RLki', 'abi ihsan fadli', '2093482903480', 'abi@gmail.com', 'programer'),
(14, 'taufiqperdana', '$2y$10$734GwOfWOeNB6gdtZqR7ZutUB8FzjPaupBypdRsFjypj3RFnQMKFa', 'M. taufiq perdana', '023984290380', 'taufiq@gmail.com', 'programer'),
(15, 'admindua', '$2y$10$0/s.qgxDCDscTqNc42wdseaI.CaHYuv4z2gqYkG7xMLRxPTO.KVt6', 'admin ke dua', '20348239048902', 'admin@gmail.com', 'admin'),
(16, 'ownerstteam', '$2y$10$vJTnhlwQ9r2KbPeS4zp0Y.BBBg0Ovqj6vdqxT5m7DCvNqarGSFWfq', 'owner tastore', '085856044060', 'owner@gmail.com', 'super_admin'),
(17, 'admin2lagi', '$2y$10$YtYyE6TpxSHedx0d6v4Z8edQdptFEy/kyNXyK9JvNpqXorODx9xPK', 'admin 2', '085765427837', 'admin2lagi@gmail.com', 'admin');

-- --------------------------------------------------------

--
-- Struktur dari tabel `detail_cancel`
--

CREATE TABLE `detail_cancel` (
  `id` int(11) NOT NULL,
  `idwarna` int(11) DEFAULT NULL,
  `iduser` int(11) DEFAULT NULL,
  `kode` text,
  `tgl` date DEFAULT NULL,
  `jumlah` int(11) DEFAULT NULL,
  `harga` int(11) DEFAULT NULL,
  `barang` varchar(100) DEFAULT NULL,
  `total` int(11) DEFAULT NULL,
  `diskon` int(11) DEFAULT NULL
) ENGINE=InnoDB DEFAULT CHARSET=latin1;

--
-- Dumping data untuk tabel `detail_cancel`
--

INSERT INTO `detail_cancel` (`id`, `idwarna`, `iduser`, `kode`, `tgl`, `jumlah`, `harga`, `barang`, `total`, `diskon`) VALUES
(1, 6, 7, 'Cancel00001', '2019-03-03', 1, 98000, 'BOMBER', 98000, 0),
(2, 6, 7, 'Cancel00001', '2019-03-03', 1, 98000, 'BOMBER', 98000, 0);

--
-- Trigger `detail_cancel`
--
DELIMITER $$
CREATE TRIGGER `in_stok` AFTER INSERT ON `detail_cancel` FOR EACH ROW update tb_barangs set stok=stok+new.jumlah where idbarang=new.idwarna
$$
DELIMITER ;

-- --------------------------------------------------------

--
-- Struktur dari tabel `gambar`
--

CREATE TABLE `gambar` (
  `id` int(11) NOT NULL,
  `kode_barang` varchar(30) DEFAULT NULL,
  `nama` varchar(200) DEFAULT NULL
) ENGINE=InnoDB DEFAULT CHARSET=latin1;

--
-- Dumping data untuk tabel `gambar`
--

INSERT INTO `gambar` (`id`, `kode_barang`, `nama`) VALUES
(1, 'BRG00001', '1551603962-52812889_472539769948111_6073432641032421376_n.jpg'),
(2, 'BRG00001', '1551603962-52918062_472539726614782_632993212092383232_n.jpg'),
(3, 'BRG00001', '1551603962-53082568_472539696614785_3880844642354200576_n.jpg'),
(4, 'BRG00001', '1551603962-53671866_472539796614775_1415267822262550528_n.jpg'),
(62, 'BRG00022', '1552135607-img20190301160828-01.jpeg'),
(66, 'BRG00023', '1552209273-img20190301162217-02.jpeg'),
(67, 'BRG00024', '1552209469-img20190301162419-02.jpeg'),
(68, 'BRG00025', '1552209790-img20190301161418-03.jpeg'),
(69, 'BRG00026', '1552210028-img20190301161231-01.jpeg'),
(70, 'BRG00027', '1552217102-img20190301155829-01.jpeg'),
(72, 'BRG00029', '1552217476-img20190301161523-01.jpeg'),
(73, 'BRG00030', '1552217550-img20190301161617-01.jpeg'),
(74, 'BRG00031', '1552217612-img20190301161701-01.jpeg'),
(75, 'BRG00032', '1552218112-53453083_476278946240860_846862401381859328_n.jpg'),
(78, 'BRG00033', '1552218500-img20190301161831-01.jpeg'),
(79, 'BRG00034', '1552218564-53435145_476278909574197_4909088872765325312_n.jpg'),
(82, 'BRG00036', '1552219350-54381463_476286039573484_1085267892724826112_n.jpg'),
(83, 'BRG00035', '1552219386-53828759_476286096240145_1333448643734142976_n.jpg'),
(84, 'BRG00037', '1552219448-52454277_476285992906822_5197941967635349504_n.jpg'),
(85, 'BRG00037', '1552219617-52454277_476285992906822_5197941967635349504_n.jpg'),
(86, 'BRG00038', '1552220067-img20190223143650-01.jpeg'),
(88, 'BRG00040', '1552220370-quotephoto7a94a9b4.jpg'),
(91, 'BRG00039', '1552220474-quotephoto34b5771b.jpg'),
(92, 'BRG00041', '1552220686-1552122996820.jpg'),
(93, 'BRG00042', '1552220816-1552123252666.jpg'),
(95, 'BRG00043', '1552221044-1552123170402.jpg'),
(96, 'BRG00044', '1552221347-img20181221143512-01.jpeg'),
(97, 'BRG00045', '1552221644-img20190129142230-01.jpeg'),
(98, 'BRG00046', '1552221699-img20190118144411-02.jpeg'),
(99, 'BRG00047', '1552221823-img20190206144806-01.jpeg'),
(100, 'BRG00048', '1552222330-img20190129142915-01.jpeg'),
(101, 'BRG00049', '1552222397-img20181127165645-01-01.jpeg'),
(102, 'BRG00050', '1552222474-img20190211143330-01.jpeg'),
(103, 'BRG00051', '1552222539-img20190211143148-01.jpeg'),
(104, 'BRG00052', '1552222649-img20190211143510-01.jpeg'),
(105, 'BRG00053', '1552222822-img20190130143649-01.jpeg'),
(106, 'BRG00054', '1552293069-img20190210142102-01.jpeg'),
(107, 'BRG00055', '1552293260-img20190210142204-01.jpeg'),
(108, 'BRG00056', '1552293341-quotephotof757a9bb.jpg'),
(109, 'BRG00057', '1552293570-quotephoto0d74aa39.jpg'),
(110, 'BRG00058', '1552293706-quotephoto57ef8d84.jpg'),
(111, 'BRG00059', '1552293785-quotephotoac8f3e74.jpg'),
(112, 'BRG00060', '1552293879-quotephotoae378efd.jpg'),
(113, 'BRG00061', '1552294140-quotephoto0bb6a707.jpg'),
(114, 'BRG00062', '1552294269-quotephotoc682619c.jpg'),
(115, 'BRG00063', '1552294347-quotephoto6e76dc0b.jpg'),
(116, 'BRG00064', '1552294575-1551867737517.jpg'),
(117, 'BRG00065', '1552294681-1551867986558.jpg'),
(118, 'BRG00066', '1552294744-1551867935222.jpg'),
(119, 'BRG00067', '1552294834-1551867799295.jpg'),
(120, 'BRG00068', '1552295184-img20190104141047-01.jpeg'),
(121, 'BRG00069', '1552295934-img20190124153324-01.jpeg'),
(122, 'BRG00070', '1552296706-img20190124153802-01.jpeg'),
(123, 'BRG00071', '1552297192-img20190104140451-01.jpeg'),
(124, 'BRG00071', '1552297198-img20190104140451-01.jpeg'),
(125, 'BRG00072', '1552297384-img20190104140306-01.jpeg'),
(127, 'BRG00073', '1552297593-img20190104140836-01.jpeg'),
(129, 'BRG00075', '1552299310-quotephoto24a19db1.jpg'),
(131, 'BRG00077', '1552299985-53910561_476761616192593_60258365393076224_n.jpg'),
(132, 'BRG00078', '1552300030-53745114_476761546192600_3370268349069000704_n.jpg'),
(133, 'BRG00079', '1552300079-53688848_476761529525935_2959269373597974528_n.jpg'),
(134, 'BRG00080', '1552300142-54410827_476761569525931_7992257439988711424_n.jpg'),
(135, 'BRG00081', '1552300191-53533203_476761596192595_1215032250739982336_n.jpg'),
(136, 'BRG00082', '1552305874-37855337_355193215016101_5042732904803729408_n.jpg'),
(137, 'BRG00083', '1552305938-37836741_355193158349440_1753800331399004160_n.jpg'),
(138, 'BRG00084', '1552305989-37841873_355193298349426_2925468668173221888_n.jpg'),
(139, 'BRG00085', '1552306064-46816184_423977731470982_3221140599151263744_n.jpg'),
(140, 'BRG00086', '1552306210-47035683_423977771470978_6545094670895022080_n.jpg'),
(141, 'BRG00087', '1552306281-img-20180725-wa0003.jpg'),
(142, 'BRG00088', '1552306373-38194118_361002937768462_2366961171224854528_n.jpg'),
(143, 'BRG00089', '1552306433-38204124_361003011101788_5257182301225222144_n.jpg'),
(145, 'BRG00074', '1552378053-quotephotodf37bac9.jpg'),
(146, 'BRG00076', '1552378726-img20190107144854-01.jpeg'),
(147, 'BRG00090', '1552392560-53865613_477233682812053_2853854271810568192_n.jpg'),
(148, 'BRG00091', '1552392660-53586722_477233729478715_6920617388299780096_n-(1).jpg'),
(149, 'BRG00092', '1552392736-53735605_477233812812040_7118441653513224192_n.jpg'),
(150, 'BRG00093', '1552392819-54267958_477233876145367_6440184043081302016_n.jpg'),
(151, 'BRG00094', '1552392969-53517145_477234076145347_3023836780894879744_n.jpg'),
(152, 'BRG00095', '1552393040-53305530_477233969478691_137357417812852736_n.jpg'),
(153, 'BRG00096', '1552393262-53708102_477234032812018_869531028316749824_n.jpg'),
(154, 'BRG00097', '1552463617-img20190223144021-01.jpeg'),
(155, 'BRG00098', '1552463770-img20190223144158-01.jpeg'),
(156, 'BRG00099', '1552464470-img20190223144325-01.jpeg'),
(157, 'BRG00100', '1552476134-52594501_471578173377604_8065605027453992960_n.jpg'),
(158, 'BRG00101', '1552476258-53053587_471578143377607_6183292011768971264_n.jpg'),
(159, 'BRG00102', '1552476299-53357849_471578096710945_2339578083243196416_n.jpg'),
(160, 'BRG00103', '1552476372-53320110_471578120044276_3104699642005159936_n.jpg'),
(161, 'BRG00104', '1552476519-45901931_416041582264597_778749507172040704_n.jpg'),
(163, 'BRG00106', '1552477202-img_20181113_143722-02.jpeg'),
(164, 'BRG00105', '1552477280-img_20181106_153728-01.jpeg'),
(165, 'BRG00107', '1552477493-img_20181106_155818-01.jpeg'),
(166, 'BRG00108', '1552477535-img_20181106_155501-01.jpeg'),
(167, 'BRG00109', '1552477683-img_20181106_154954-01.jpeg'),
(168, 'BRG00110', '1552477734-img_20181106_153948-01.jpeg'),
(169, 'BRG00111', '1552477832-img20190129143213-01.jpeg'),
(170, 'BRG00112', '1552477891-49938219_448017202400368_8699818650208567296_n.jpg'),
(171, 'BRG00113', '1552478297-49900316_448017229067032_5962812837746180096_n.jpg'),
(172, 'BRG00114', '1552479014-img20190212163337-01.jpeg'),
(173, 'BRG00115', '1552479136-img20190212163549-01.jpeg'),
(174, 'BRG00116', '1552479247-img20190212163151-01.jpeg'),
(175, 'BRG00117', '1552479550-52340156_466903663845055_2931809564615507968_n.jpg'),
(176, 'BRG00118', '1552481320-img20190212163337-01.jpeg'),
(177, 'BRG00119', '1552481362-img20190224150658-01.jpeg'),
(178, 'BRG00120', '1552481402-img20190224150750-01.jpeg'),
(179, 'BRG00121', '1552481506-img20190130143412-01.jpeg'),
(180, 'BRG00122', '1552481586-img20190130143911-01.jpeg'),
(181, 'BRG00123', '1552481736-img20181219145045-01.jpeg'),
(182, 'BRG00124', '1552647840-53766684_478669566001798_1508151369121398784_n.jpg'),
(183, 'BRG00125', '1552648015-53744982_478667802668641_377840260282843136_n.jpg'),
(184, 'BRG00126', '1552648471-54516081_478667882668633_4931414404827709440_n.jpg'),
(185, 'BRG00127', '1552648523-53544681_478667842668637_3798317717639921664_n.jpg'),
(186, 'BRG00128', '1552648819-54279649_478666409335447_6381874647947804672_n.jpg'),
(187, 'BRG00129', '1552648901-53813240_478666432668778_5247765563953905664_n.jpg'),
(188, 'BRG00130', '1552649288-54002520_478669122668509_3196493602905653248_n.jpg'),
(189, 'BRG00131', '1552649370-54228738_478669229335165_582989063938637824_n.jpg'),
(190, 'BRG00132', '1552649427-54377156_478669159335172_3424084469676507136_n.jpg'),
(191, 'BRG00133', '1552983590-52104922_466866683848753_2730181453026426880_n.jpg'),
(192, 'BRG00134', '1552996315-54258236_480608499141238_8177239705742475264_n.jpg'),
(193, 'BRG00135', '1552996763-52355781_466866783848743_4995200269810663424_n.jpg'),
(194, 'BRG00136', '1552996859-53560525_480608462474575_6095349880618745856_n.jpg'),
(195, 'BRG00137', '1552996909-53048060_480608535807901_5468819898522140672_n.jpg'),
(196, 'BRG00138', '1552997053-53903841_480608605807894_2071864392202321920_n.jpg'),
(197, 'BRG00139', '1552997640-54800178_480608345807920_1129270708845674496_n.jpg'),
(198, 'BRG00140', '1552997818-52008404_466903807178374_5602099829002993664_n.jpg'),
(199, 'BRG00141', '1552998121-52605261_466866810515407_4596038782553161728_n.jpg'),
(200, 'BRG00142', '1553070380-quotephoto8030a01b.jpg'),
(201, 'BRG00143', '1553083944-53246867_480606719141416_463598516527169536_n.jpg'),
(202, 'BRG00144', '1553084049-53677044_480606672474754_4438271246358020096_n.jpg'),
(203, 'BRG00145', '1553084192-53915110_480606695808085_8792457383931543552_n.jpg'),
(204, 'BRG00146', '1553084330-53926482_480606819141406_780887318553690112_n.jpg'),
(205, 'BRG00147', '1553084511-54255531_480606745808080_5062084657344937984_n.jpg'),
(206, 'BRG00148', '1553084584-54257927_480607122474709_304875216964681728_n.jpg'),
(207, 'BRG00149', '1553084758-54278575_480607025808052_6336369890353479680_n.jpg'),
(208, 'BRG00150', '1553084835-54398008_480606882474733_935608516050157568_n.jpg'),
(209, 'BRG00151', '1553084903-54415232_480606779141410_1160037956178673664_n.jpg'),
(210, 'BRG00152', '1553084974-54415292_480606642474757_3915870658998829056_n.jpg'),
(211, 'BRG00153', '1553085047-54433840_480606965808058_6180855979333124096_n.jpg'),
(212, 'BRG00154', '1553085125-54516359_480607089141379_6133173836528484352_n.jpg'),
(213, 'BRG00155', '1553085194-54515830_480606612474760_6973372158063935488_n.jpg'),
(214, 'BRG00156', '1553085266-55744588_480606932474728_4581929415553843200_n.jpg'),
(215, 'BRG00157', '1553085394-54729272_480606859141402_7613799881236283392_n.jpg'),
(216, 'BRG00158', '1553252159-54385203_480191225849632_4250396431799549952_n-(1).jpg'),
(217, 'BRG00159', '1553252375-55597507_481935845675170_5381678314916151296_n.jpg'),
(218, 'BRG00160', '1553252487-54002525_480191272516294_5667632723473203200_n.jpg'),
(219, 'BRG00161', '1553252704-53893316_480191249182963_3640972522758864896_n.jpg'),
(220, 'BRG00162', '1553253229-55719345_482045308997557_7401202053806030848_n.jpg'),
(221, 'BRG00163', '1553253422-54220417_482045225664232_6989998509042696192_n.jpg'),
(222, 'BRG00164', '1553253563-53817629_482045368997551_5690292713228861440_n.jpg'),
(223, 'BRG00165', '1553253742-54515841_482045342330887_7215439555703341056_n.jpg'),
(224, 'BRG00166', '1553254103-54730146_482065408995547_2070418435627548672_n.jpg'),
(225, 'BRG00167', '1553254546-54730604_482066818995406_6422904715339628544_n.jpg'),
(226, 'BRG00168', '1553254622-54437215_482066845662070_6834834255604875264_n.jpg'),
(227, 'BRG00169', '1553254679-54435063_482066788995409_5655964023179444224_n.jpg');

-- --------------------------------------------------------

--
-- Struktur dari tabel `keranjang_cancel`
--

CREATE TABLE `keranjang_cancel` (
  `id` int(11) NOT NULL,
  `tgl` date DEFAULT NULL,
  `idbarang` int(11) NOT NULL DEFAULT '0',
  `jumlah` int(11) NOT NULL DEFAULT '0'
) ENGINE=InnoDB DEFAULT CHARSET=latin1;

--
-- Dumping data untuk tabel `keranjang_cancel`
--

INSERT INTO `keranjang_cancel` (`id`, `tgl`, `idbarang`, `jumlah`) VALUES
(5, '2019-03-07', 38, 1),
(6, '2019-03-07', 38, 1),
(7, '2019-03-11', 102, 1),
(8, '2019-03-11', 3, 1),
(9, '2019-03-11', 91, 1),
(10, '2019-03-11', 80, 1),
(11, '2019-03-17', 77, 1),
(12, '2019-03-19', 96, 1);

--
-- Trigger `keranjang_cancel`
--
DELIMITER $$
CREATE TRIGGER `keranjang_dihapus` AFTER INSERT ON `keranjang_cancel` FOR EACH ROW BEGIN
update tb_barangs set stok=stok+new.jumlah where idbarang=new.idbarang;
END
$$
DELIMITER ;

-- --------------------------------------------------------

--
-- Struktur dari tabel `log_cancel`
--

CREATE TABLE `log_cancel` (
  `id` int(11) NOT NULL,
  `faktur` varchar(300) DEFAULT NULL,
  `total_akhir` int(11) DEFAULT NULL,
  `tgl` date DEFAULT NULL,
  `bulan` int(5) DEFAULT NULL,
  `status` enum('dicancel','ditolak') DEFAULT NULL,
  `id_user` int(11) DEFAULT NULL,
  `id_admin` int(11) DEFAULT NULL,
  `keterangan` text
) ENGINE=InnoDB DEFAULT CHARSET=latin1;

--
-- Dumping data untuk tabel `log_cancel`
--

INSERT INTO `log_cancel` (`id`, `faktur`, `total_akhir`, `tgl`, `bulan`, `status`, `id_user`, `id_admin`, `keterangan`) VALUES
(1, 'Cancel00001', 251000, '2019-03-03', 3, 'ditolak', 7, 16, 'BELUM MELAKUKAN TRANSFER');

-- --------------------------------------------------------

--
-- Struktur dari tabel `migrations`
--

CREATE TABLE `migrations` (
  `id` int(10) UNSIGNED NOT NULL,
  `migration` varchar(255) COLLATE utf8mb4_unicode_ci NOT NULL,
  `batch` int(11) NOT NULL
) ENGINE=InnoDB DEFAULT CHARSET=utf8mb4 COLLATE=utf8mb4_unicode_ci;

-- --------------------------------------------------------

--
-- Struktur dari tabel `omset`
--

CREATE TABLE `omset` (
  `id` int(11) NOT NULL,
  `pemasukan_online` int(11) DEFAULT '0',
  `pemasukan_offline` int(11) DEFAULT '0',
  `pemasukan_lain` int(11) DEFAULT '0',
  `pengeluaran` int(11) DEFAULT '0',
  `omset` int(11) DEFAULT '0',
  `bulan` int(11) DEFAULT '0',
  `tahun` int(11) DEFAULT '0'
) ENGINE=InnoDB DEFAULT CHARSET=latin1;

-- --------------------------------------------------------

--
-- Struktur dari tabel `settings`
--

CREATE TABLE `settings` (
  `idsettings` int(11) NOT NULL,
  `webName` varchar(100) DEFAULT NULL,
  `kontak1` varchar(45) DEFAULT NULL,
  `kontak2` varchar(45) DEFAULT NULL,
  `kontak3` varchar(45) DEFAULT NULL,
  `email` varchar(45) DEFAULT NULL,
  `ico` varchar(45) DEFAULT NULL,
  `meta` text,
  `logo` varchar(50) DEFAULT NULL,
  `keterangan` text,
  `alamat` text,
  `nama_toko` int(11) DEFAULT NULL,
  `max_tgl` int(5) DEFAULT NULL,
  `peraturan` text,
  `bulansistem` int(11) DEFAULT NULL
) ENGINE=InnoDB DEFAULT CHARSET=latin1;

--
-- Dumping data untuk tabel `settings`
--

INSERT INTO `settings` (`idsettings`, `webName`, `kontak1`, `kontak2`, `kontak3`, `email`, `ico`, `meta`, `logo`, `keterangan`, `alamat`, `nama_toko`, `max_tgl`, `peraturan`, `bulansistem`) VALUES
(1, 'STORE TULUNGAGUNG', '085816900612', '081553860046', '085856044060', 'bayukhoirul1@gmail.com', '1547722245-dvinafavicon.png', 'Fashion murah meriah berkualitas', '1543717647-logo-dvina.png', 'store tulungagung adalah toko ecer / grosir yang telah terbukti memiliki harga dan kwalitas terbaik\r\nopen reseller , dropshiper, agen. store tulungagung selalu berusaha memberikan pelayanan terbaik kepada pembeli. dan banyak potongan harga untuk pembelian lebih dari 3pcs.', 'Dsn.Jatirejo RT01/RW02 Ds.Tenggur Kec.Rejotangan Kab.Tulungagung', NULL, 7, '<p>1. pastikan telah menjadi member StoreTulungagung</p><p>2. pastikan melakukan pemesanan / keep barang sampai masuk pada W.A admin</p><p>3. jangan lupa bayar setelah beli produk</p><p>4. setiap barang yang telah di masukan keranjang akan hilang secara otomatis apabila tidak di beli dalam jangka waktu 7hari</p><p>5. Happy Shopping gengs</p>', 3);

-- --------------------------------------------------------

--
-- Struktur dari tabel `sliders`
--

CREATE TABLE `sliders` (
  `id` int(11) NOT NULL,
  `judul` varchar(100) DEFAULT NULL,
  `foto` varchar(100) DEFAULT NULL
) ENGINE=InnoDB DEFAULT CHARSET=latin1;

--
-- Dumping data untuk tabel `sliders`
--

INSERT INTO `sliders` (`id`, `judul`, `foto`) VALUES
(1, 'ini slide 1', '1548724725-tabanner2.jpg'),
(2, 'ini slide 2', '1548724768-tabanner3.jpg'),
(3, 'ini slide 3', '1548724999-tabanner1.gif');

-- --------------------------------------------------------

--
-- Struktur dari tabel `tb_bank`
--

CREATE TABLE `tb_bank` (
  `id` int(11) NOT NULL,
  `nama_bank` varchar(40) DEFAULT NULL,
  `rekening` varchar(40) DEFAULT NULL,
  `atasnama` varchar(50) DEFAULT NULL
) ENGINE=InnoDB DEFAULT CHARSET=latin1;

--
-- Dumping data untuk tabel `tb_bank`
--

INSERT INTO `tb_bank` (`id`, `nama_bank`, `rekening`, `atasnama`) VALUES
(1, 'bayar ditoko\r\n', '-', '-'),
(2, 'mandiri Syariah', '09737897890', 'storeta'),
(3, 'BRI', '902890890', 'storeta'),
(4, 'bank jatim', '09890890890', 'storeta');

-- --------------------------------------------------------

--
-- Struktur dari tabel `tb_barangs`
--

CREATE TABLE `tb_barangs` (
  `idbarang` int(11) NOT NULL,
  `kode` varchar(100) DEFAULT NULL,
  `kode_v` varchar(100) DEFAULT NULL,
  `stok` int(11) DEFAULT NULL,
  `warna` varchar(45) DEFAULT NULL,
  `barang_jenis` varchar(70) DEFAULT NULL,
  `tampil` enum('Y','N') DEFAULT 'N'
) ENGINE=InnoDB DEFAULT CHARSET=latin1;

--
-- Dumping data untuk tabel `tb_barangs`
--

INSERT INTO `tb_barangs` (`idbarang`, `kode`, `kode_v`, `stok`, `warna`, `barang_jenis`, `tampil`) VALUES
(1, 'BRG00001', '03', 0, 'M', 'kemeja flowerse M', 'N'),
(2, 'BRG00001', '04', 1, 'L', 'kemeja flowerse L', 'N'),
(3, 'BRG00001', '06', 4, 'XL', 'kemeja flowerse XL', 'N'),
(39, 'BRG00022', '05', 12, 'L', 'KEMEJA POLOS 01 L', 'N'),
(40, 'BRG00022', '07', 12, 'XL', 'KEMEJA POLOS 01 XL', 'N'),
(41, 'BRG00023', '08', 11, 'L', 'KEMEJA POLOS 02 L', 'N'),
(42, 'BRG00023', '05', 12, 'XL', 'KEMEJA POLOS 02 XL', 'N'),
(43, 'BRG00024', '04', 11, 'L', 'KEMEJA POLOS 08 L', 'N'),
(44, 'BRG00024', NULL, 12, 'XL', 'KEMEJA POLOS 08 XL', 'N'),
(45, 'BRG00025', NULL, 12, 'L', 'KEMEJA POLOS 07 L', 'N'),
(46, 'BRG00025', NULL, 12, 'XL', 'KEMEJA POLOS 07 XL', 'N'),
(47, 'BRG00026', NULL, 12, 'L', 'KEMEJA POLOS 06 L', 'N'),
(48, 'BRG00026', NULL, 12, 'XL', 'KEMEJA POLOS 06 XL', 'N'),
(49, 'BRG00027', NULL, 12, 'L', 'SHIRTPLAIN 03 L', 'N'),
(50, 'BRG00027', NULL, 11, 'XL', 'SHIRTPLAIN 03 XL', 'N'),
(53, 'BRG00029', NULL, 12, 'L', 'SHIRT COMBI 01 L', 'N'),
(54, 'BRG00029', NULL, 12, 'XL', 'SHIRT COMBI 01 XL', 'N'),
(55, 'BRG00030', NULL, 12, 'L', 'SHIRT COMBI 03 L', 'N'),
(56, 'BRG00030', NULL, 12, 'XL', 'SHIRT COMBI 03 XL', 'N'),
(57, 'BRG00031', NULL, 12, 'L', 'SHIRT COMBI 16 L', 'N'),
(58, 'BRG00031', NULL, 12, 'XL', 'SHIRT COMBI 16 XL', 'N'),
(59, 'BRG00032', NULL, 12, 'L', 'SHIRT TWIST 02 L', 'N'),
(60, 'BRG00032', NULL, 11, 'XL', 'SHIRT TWIST 02 XL', 'N'),
(61, 'BRG00033', NULL, 12, 'XL', 'shirt littleflow 16 XL', 'N'),
(62, 'BRG00033', NULL, 12, 'L', 'shirt littleflow 16 L', 'N'),
(63, 'BRG00034', NULL, 12, 'XL', 'SHIRT TRIANGLE 02 XL', 'N'),
(64, 'BRG00034', NULL, 12, 'L', 'SHIRT TRIANGLE 02 L', 'N'),
(67, 'BRG00035', NULL, 12, 'XL', 'LONGS 02 XL', 'N'),
(68, 'BRG00035', NULL, 12, 'L', 'LONGS 02 L', 'N'),
(69, 'BRG00036', NULL, 12, 'L', 'LONGS 16 L', 'N'),
(70, 'BRG00036', NULL, 12, 'XL', 'LONGS 16 XL', 'N'),
(71, 'BRG00037', NULL, 12, 'XL', 'LONGS SOFT 04 XL', 'N'),
(72, 'BRG00037', NULL, 12, 'L', 'LONGS SOFT 04 L', 'N'),
(73, 'BRG00038', NULL, 12, 'L', 'HOODIE STUSSY CHESS 02 L', 'N'),
(74, 'BRG00039', NULL, 11, 'L', 'HODIE STUSSY CHESS 01 L', 'N'),
(75, 'BRG00040', NULL, 12, 'L', 'HOODIE STUSSY CHESS 03 L', 'N'),
(76, 'BRG00041', NULL, 12, 'XL', 'HOODIE STUSSY SIGNATURE 01 XL', 'N'),
(77, 'BRG00042', NULL, 10, 'XL', 'HOODIE STUSSY SIGNATURE 02 XL', 'N'),
(78, 'BRG00043', NULL, 12, 'XL', 'HOODIE STUSSY SIGNATURE 03 XL', 'N'),
(79, 'BRG00044', NULL, 3, 'XL', 'HOODIE STUSSY GOLD 02 XL', 'N'),
(80, 'BRG00045', NULL, 7, 'XL', 'HOODIE SUP CHAMP 16 XL', 'N'),
(81, 'BRG00046', NULL, 8, 'XL', 'HOODIE SUP CHAMP 02 XL', 'N'),
(82, 'BRG00047', NULL, 3, 'XL', 'HOODIE SUP OW 02 XL', 'N'),
(83, 'BRG00048', NULL, 0, 'L (LUAR)', 'HOODIE FILA COMBI 04 L (LUAR)', 'N'),
(84, 'BRG00049', NULL, 3, 'L (LUAR)', 'HOODIE FILA COMBI 06 L (LUAR)', 'N'),
(85, 'BRG00050', NULL, 1, 'L', 'ZIPPER FILA TNT 03 L', 'N'),
(86, 'BRG00051', NULL, 12, 'L', 'ZIPPER FILA TNT 04 L', 'N'),
(87, 'BRG00052', NULL, 8, 'L', 'ZIPPER FILA TNT 16 L', 'N'),
(88, 'BRG00053', NULL, 3, 'L (LUAR)', 'HOODIE FILA ROWA 06 L (LUAR)', 'N'),
(89, 'BRG00054', NULL, 12, 'L', 'ZIPPER SUPREME BATIK 02 L', 'N'),
(90, 'BRG00055', NULL, 12, 'L', 'ZIPPER SUPREME BATIK 01 L', 'N'),
(91, 'BRG00056', NULL, 4, 'XL', 'HOODIE DICKIES 02 XL', 'N'),
(92, 'BRG00057', NULL, 12, 'XL', 'HOODIE ZH STRIPE 02 XL', 'N'),
(93, 'BRG00058', NULL, 12, 'XL', 'HOODIE ZH STRIPE 08 XL', 'N'),
(94, 'BRG00059', NULL, 12, 'XL', 'HOODIE ZH STRIPE 01 XL', 'N'),
(95, 'BRG00060', NULL, 12, 'XL', 'HOODIE ZH STRIPE 06 XL', 'N'),
(96, 'BRG00061', NULL, 11, 'XL', 'HOODIE ZEROES 02 XL', 'N'),
(97, 'BRG00062', NULL, 11, 'XL', 'HOODIE ZEROES 01 XL', 'N'),
(98, 'BRG00063', NULL, 12, 'XL', 'HOODIE ZEROES 03 XL', 'N'),
(99, 'BRG00064', NULL, 12, 'XL', 'HOODIE F.O.G ROSES 16 XL', 'N'),
(100, 'BRG00065', NULL, 12, 'XL', 'HOODIE F.O.G ROSES 02 XL', 'N'),
(101, 'BRG00066', NULL, 12, 'XL', 'HOODIE F.O.G ROSES 01 XL', 'N'),
(102, 'BRG00067', NULL, 12, 'XL', 'HOODIE F.O.G ROSES 03 XL', 'N'),
(103, 'BRG00068', NULL, 12, 'XL', 'HOODIE FLAVA COLOUR 05 (BLACK) XL', 'N'),
(104, 'BRG00069', NULL, 12, 'XL', 'HOODIE FLAVA COLOUR 05 (WHITE) XL', 'N'),
(105, 'BRG00070', NULL, 12, 'XL', 'HOODIE FLAVA ROOT 03 (BLACK) XL', 'N'),
(106, 'BRG00071', NULL, 8, 'XL', 'HOODIE FLAVA COLOUR 03 (WHITE) XL', 'N'),
(107, 'BRG00071', NULL, 8, 'XL', 'HOODIE FLAVA COLOUR 03 (WHITE) XL', 'N'),
(108, 'BRG00072', NULL, 12, 'XL', 'HOODIE FLAVA COLOUR 01 XL', 'N'),
(109, 'BRG00073', NULL, 12, 'XL', 'HOODIE FLAVA COLOUR 02 XL', 'N'),
(110, 'BRG00074', NULL, 12, 'L', 'HOODIE FLAVA VOLCANO 02 L', 'N'),
(111, 'BRG00075', NULL, 12, 'L', 'FLAVA VOLCANO 01 L', 'N'),
(112, 'BRG00076', NULL, 7, 'XL', 'HOODIE FLAVA COLOUR 04 XL', 'N'),
(113, 'BRG00077', NULL, 4, 'XL', 'HOODIE FOG 13 XL', 'N'),
(114, 'BRG00078', NULL, 3, 'XL', 'HOODIE FOG 02 XL', 'N'),
(115, 'BRG00079', NULL, 4, 'XL', 'HOODIE FOG 01 XL', 'N'),
(116, 'BRG00080', NULL, 8, 'XL', 'HOODIE FOG 3 XL', 'N'),
(117, 'BRG00081', NULL, 12, 'XL', 'HOODIE FOG 05 XL', 'N'),
(118, 'BRG00082', NULL, 12, 'XL', 'BM AS 01 XL', 'N'),
(119, 'BRG00082', NULL, 12, 'L', 'BM AS 01 L', 'N'),
(120, 'BRG00083', NULL, 12, 'XL', 'BM AS 02 XL', 'N'),
(121, 'BRG00083', NULL, 12, 'L', 'BM AS 02 L', 'N'),
(122, 'BRG00084', NULL, 12, 'XL', 'BM AS 03 XL', 'N'),
(123, 'BRG00084', NULL, 12, 'L', 'BM AS 03 L', 'N'),
(124, 'BRG00085', NULL, 12, 'XL', 'BM FRIDAY 01 XL', 'N'),
(125, 'BRG00086', NULL, 12, 'XL', 'BM FRIDAY 02 XL', 'N'),
(126, 'BRG00087', NULL, 8, 'L', 'BM BGSR 01 L', 'N'),
(127, 'BRG00087', NULL, 12, 'XL', 'BM BGSR 01 XL', 'N'),
(128, 'BRG00088', NULL, 12, 'XL', 'DCBB 02.10 XL', 'N'),
(129, 'BRG00088', NULL, 8, 'XXL', 'DCBB 02.10 XXL', 'N'),
(130, 'BRG00089', NULL, 3, 'XXL', 'DCBB 02.6 XXL', 'N'),
(131, 'BRG00089', NULL, 12, 'XL', 'DCBB 02.6 XL', 'N'),
(132, 'BRG00090', NULL, 12, 'L', 'LINE ABSTACT 02 L', 'N'),
(133, 'BRG00090', NULL, 12, 'XL', 'LINE ABSTACT 02 XL', 'N'),
(134, 'BRG00091', NULL, 12, 'L', 'POLKA WHITE 16 L', 'N'),
(135, 'BRG00091', NULL, 12, 'XL', 'POLKA WHITE 16 XL', 'N'),
(136, 'BRG00092', NULL, 12, 'L', 'ABSTRACT 02 L', 'N'),
(137, 'BRG00092', NULL, 12, 'XL', 'ABSTRACT 02 XL', 'N'),
(138, 'BRG00093', NULL, 12, 'XL', 'CROWDED 16 XL', 'N'),
(139, 'BRG00093', NULL, 12, 'L', 'CROWDED 16 L', 'N'),
(140, 'BRG00094', NULL, 12, 'XL', 'HOODIE FRIDAY 02 XL', 'N'),
(141, 'BRG00095', NULL, 12, 'XL', 'hoodie friday 16 XL', 'N'),
(142, 'BRG00096', NULL, 12, 'XL', 'HOODIE FRIDAY 03 XL', 'N'),
(143, 'BRG00097', NULL, 12, 'L', 'HD AHHA 03 L', 'N'),
(144, 'BRG00098', NULL, 12, 'L', 'HD AHHA 01 L', 'N'),
(145, 'BRG00099', NULL, 12, 'L', 'HD AHHA 02 L', 'N'),
(146, 'BRG00100', NULL, 12, 'XL', 'HD AHHA TORN 01 XL', 'N'),
(147, 'BRG00101', NULL, 12, 'XL', 'HD AHHA TORN 02 XL', 'N'),
(148, 'BRG00102', NULL, 12, 'XL', 'HOODIE AHHA TORN 03 XL', 'N'),
(149, 'BRG00103', NULL, 12, 'XL', 'HD AHHA TORN 16 XL', 'N'),
(150, 'BRG00104', NULL, 3, 'L', 'BOMBER ATTA L', 'N'),
(151, 'BRG00104', NULL, 12, 'XL', 'BOMBER ATTA XL', 'N'),
(152, 'BRG00105', NULL, 24, 'XL', 'JP PL 01 XL', 'N'),
(153, 'BRG00106', NULL, 24, 'XL', 'JP PL 02 XL', 'N'),
(154, 'BRG00107', NULL, 23, 'XL', 'JP PL 03 XL', 'N'),
(155, 'BRG00108', NULL, 24, 'XL', 'JP PL 04 XL', 'N'),
(156, 'BRG00109', NULL, 24, 'XL', 'JP PL 05 XL', 'N'),
(157, 'BRG00110', NULL, 24, 'XL', 'JP PL 06 XL', 'N'),
(158, 'BRG00111', NULL, 0, 'XL', 'JP PL 08 XL', 'N'),
(159, 'BRG00112', NULL, 24, 'XL', 'JP PL 13 XL', 'N'),
(160, 'BRG00113', NULL, 24, 'XL', 'JP PL 16 XL', 'N'),
(161, 'BRG00114', NULL, 24, 'XXL', 'JP PL 01 XXL XXL', 'N'),
(162, 'BRG00115', NULL, 24, 'XXL', 'JP PL 02 XXL XXL', 'N'),
(163, 'BRG00116', NULL, 12, 'XXL', 'JP PL 06 XXL XXL', 'N'),
(164, 'BRG00117', NULL, 24, 'XXL', 'JP PL 03 XXL XXL', 'N'),
(165, 'BRG00118', NULL, 24, 'XXL', 'ZIPPER POLOS 01 XXL XXL', 'N'),
(166, 'BRG00119', NULL, 24, 'XXL', 'ZIPPER POLOS 02 XXL XXL', 'N'),
(167, 'BRG00120', NULL, 12, 'XXL', 'ZIPPER POLOS 03 XXL XXL', 'N'),
(168, 'BRG00121', NULL, 12, 'XL', 'ZIPPER POLOS 01 XL XL', 'N'),
(169, 'BRG00122', NULL, 12, 'XL', 'ZIPPER POLOS 02 XL XL', 'N'),
(170, 'BRG00123', NULL, 3, 'L', 'ZIPPER NINJA 01 L', 'N'),
(171, 'BRG00124', NULL, 12, 'XL', 'HD FRIDAY 04 XL', 'N'),
(172, 'BRG00125', NULL, 12, 'XL', 'HOODIE DICKIES 01 XL', 'N'),
(173, 'BRG00126', NULL, 12, 'XL', 'HOODIE DICKIES 03 XL', 'N'),
(174, 'BRG00127', NULL, 12, 'XL', 'HOODIE DICKIES 05 XL', 'N'),
(175, 'BRG00128', NULL, 12, 'XL', 'HD STUSSY 05 XL', 'N'),
(176, 'BRG00129', NULL, 12, 'XL', 'HD STUSSY 01 XL', 'N'),
(177, 'BRG00130', NULL, 12, 'XL', 'HD PULLBEAR LINE 01 XL', 'N'),
(178, 'BRG00131', NULL, 12, 'XL', 'HD PULLBEAR LINE 03 XL', 'N'),
(179, 'BRG00132', NULL, 12, 'XL', 'HD PULLBEAR LINE 04 XL', 'N'),
(180, 'BRG00133', NULL, 12, 'L', 'POLOS MISTY 01 L', 'N'),
(181, 'BRG00133', NULL, 12, 'XL', 'POLOS MISTY 01 XL', 'N'),
(182, 'BRG00134', NULL, 12, 'L', 'polos misty 08 L', 'N'),
(183, 'BRG00134', NULL, 12, 'xl', 'polos misty 08 xl', 'N'),
(184, 'BRG00135', NULL, 12, 'L', 'POLOS MISTY 02 L', 'N'),
(185, 'BRG00135', NULL, 12, 'XL', 'POLOS MISTY 02 XL', 'N'),
(186, 'BRG00136', NULL, 12, 'XL', 'POLOS 16 XL', 'N'),
(187, 'BRG00136', NULL, 12, 'L', 'POLOS 16 L', 'N'),
(188, 'BRG00137', NULL, 8, 'L', 'POLOS MISTY 04 L', 'N'),
(189, 'BRG00138', NULL, 20, 'XL', 'POLOS 01 XL', 'N'),
(190, 'BRG00139', NULL, 12, 'L', 'POLOS MISTY 05 L', 'N'),
(191, 'BRG00139', NULL, 12, 'L', 'POLOS MISTY 05 L', 'N'),
(192, 'BRG00140', NULL, 12, 'L', 'POLOS 03 L', 'N'),
(193, 'BRG00140', NULL, 8, 'XL', 'POLOS 03 XL', 'N'),
(194, 'BRG00141', NULL, 1, 'XL', 'POLOS MISTY 06 XL', 'N'),
(195, 'BRG00141', NULL, 0, 'L', 'POLOS MISTY 06 L', 'N'),
(196, 'BRG00142', NULL, 2, 'XL', 'HOODIE OFFWHITE GALAXY 05 XL', 'N'),
(197, 'BRG00143', NULL, 4, 'L', 'ZH 41 L', 'N'),
(198, 'BRG00143', NULL, 4, 'XL', 'ZH 41 XL', 'N'),
(199, 'BRG00144', NULL, 8, 'L', 'AHHA 43 L', 'N'),
(200, 'BRG00144', NULL, 4, 'XL', 'AHHA 43 XL', 'N'),
(201, 'BRG00145', NULL, 4, 'L', 'AHHA 42 L', 'N'),
(202, 'BRG00145', NULL, 8, 'XL', 'AHHA 42 XL', 'N'),
(203, 'BRG00146', NULL, 4, 'L', 'GL 41 L', 'N'),
(204, 'BRG00146', NULL, 6, 'XL', 'GL 41 XL', 'N'),
(205, 'BRG00147', NULL, 8, 'L', 'ZH 42 L', 'N'),
(206, 'BRG00147', NULL, 8, 'XL', 'ZH 42 XL', 'N'),
(207, 'BRG00148', NULL, 8, 'L', '3SCO 41 L', 'N'),
(209, 'BRG00148', NULL, 4, 'XL', '3SCO 41 XL', 'N'),
(210, 'BRG00149', NULL, 4, 'L', 'GL 42 L', 'N'),
(211, 'BRG00149', NULL, 4, 'XL', 'GL 42 XL', 'N'),
(212, 'BRG00150', NULL, 4, 'L', 'AHHA 41 L', 'N'),
(213, 'BRG00150', NULL, 4, 'XL', 'AHHA 41 XL', 'N'),
(214, 'BRG00151', NULL, 6, 'L', 'BRK 41 L', 'N'),
(215, 'BRG00151', NULL, 5, 'XL', 'BRK 41 XL', 'N'),
(216, 'BRG00152', NULL, 6, 'L', 'FK 41 L', 'N'),
(217, 'BRG00152', NULL, 5, 'XL', 'FK 41 XL', 'N'),
(218, 'BRG00153', NULL, 4, 'L', 'SP 41 L', 'N'),
(219, 'BRG00153', NULL, 8, 'XL', 'SP 41 XL', 'N'),
(220, 'BRG00154', NULL, 4, 'L', 'GL 42 L', 'N'),
(221, 'BRG00154', NULL, 4, 'XL', 'GL 42 XL', 'N'),
(222, 'BRG00155', NULL, 4, 'L', 'FK 42 L', 'N'),
(223, 'BRG00155', NULL, 4, 'XL', 'FK 42 XL', 'N'),
(224, 'BRG00156', NULL, 4, 'L', 'SKYMO 41 L', 'N'),
(225, 'BRG00156', NULL, 5, 'XL', 'SKYMO 41 XL', 'N'),
(226, 'BRG00157', NULL, 4, 'L', 'HUR 41 L', 'N'),
(227, 'BRG00157', NULL, 4, 'XL', 'HUR 41 XL', 'N'),
(228, 'BRG00158', NULL, 0, '27', 'SHORTPANTS 37 27', 'N'),
(229, 'BRG00158', NULL, 0, '28', 'SHORTPANTS 37 28', 'N'),
(230, 'BRG00158', NULL, 0, '29', 'SHORTPANTS 37 29', 'N'),
(231, 'BRG00158', NULL, 0, '30', 'SHORTPANTS 37 30', 'N'),
(232, 'BRG00158', NULL, 1, '31', 'SHORTPANTS 37 31', 'N'),
(233, 'BRG00158', NULL, 0, '32', 'SHORTPANTS 37 32', 'N'),
(234, 'BRG00159', NULL, 0, '27', 'SHORTPANTS 38 27', 'N'),
(235, 'BRG00159', NULL, 1, '28', 'SHORTPANTS 38 28', 'N'),
(236, 'BRG00159', NULL, 0, '29', 'SHORTPANTS 38 29', 'N'),
(237, 'BRG00159', NULL, 0, '30', 'SHORTPANTS 38 30', 'N'),
(238, 'BRG00159', NULL, 2, '31', 'SHORTPANTS 38 31', 'N'),
(239, 'BRG00159', NULL, 2, '32', 'SHORTPANTS 38 32', 'N'),
(240, 'BRG00160', NULL, 0, '27', 'SHORTPANTS 39 27', 'N'),
(241, 'BRG00160', NULL, 0, '28', 'SHORTPANTS 39 28', 'N'),
(242, 'BRG00160', NULL, 0, '29', 'SHORTPANTS 39 29', 'N'),
(243, 'BRG00160', NULL, 0, '30', 'SHORTPANTS 39 30', 'N'),
(244, 'BRG00160', NULL, 1, '31', 'SHORTPANTS 39 31', 'N'),
(245, 'BRG00160', NULL, 0, '32', 'SHORTPANTS 39 32', 'N'),
(246, 'BRG00161', NULL, 2, '27', 'SHORTPANTS 40 27', 'N'),
(247, 'BRG00161', NULL, 0, '28', 'SHORTPANTS 40 28', 'N'),
(248, 'BRG00161', NULL, 0, '29', 'SHORTPANTS 40 29', 'N'),
(249, 'BRG00161', NULL, 0, '30', 'SHORTPANTS 40 30', 'N'),
(250, 'BRG00161', NULL, 0, '31', 'SHORTPANTS 40 31', 'N'),
(251, 'BRG00161', NULL, 0, '32', 'SHORTPANTS 40 32', 'N'),
(252, 'BRG00162', NULL, 7, '27', 'CHINOS PANJANG 01 27', 'N'),
(253, 'BRG00162', NULL, 5, '28', 'CHINOS PANJANG 01 28', 'N'),
(254, 'BRG00162', NULL, 1, '29', 'CHINOS PANJANG 01 29', 'N'),
(255, 'BRG00162', NULL, 4, '30', 'CHINOS PANJANG 01 30', 'N'),
(256, 'BRG00162', NULL, 3, '31', 'CHINOS PANJANG 01 31', 'N'),
(257, 'BRG00162', NULL, 0, '32', 'CHINOS PANJANG 01 32', 'N'),
(258, 'BRG00163', NULL, 2, '28', 'CHINOS PANJANG 06 B 28', 'N'),
(259, 'BRG00163', NULL, 1, '27', 'CHINOS PANJANG 06 B 27', 'N'),
(260, 'BRG00163', NULL, 0, '29', 'CHINOS PANJANG 06 B 29', 'N'),
(261, 'BRG00163', NULL, 0, '30', 'CHINOS PANJANG 06 B 30', 'N'),
(262, 'BRG00163', NULL, 0, '31', 'CHINOS PANJANG 06 B 31', 'N'),
(263, 'BRG00163', NULL, 0, '32', 'CHINOS PANJANG 06 B 32', 'N'),
(264, 'BRG00164', NULL, 0, '27', 'CHINOS PANJANG 06C 27', 'N'),
(265, 'BRG00164', NULL, 2, '28', 'CHINOS PANJANG 06C 28', 'N'),
(266, 'BRG00164', NULL, 0, '29', 'CHINOS PANJANG 06C 29', 'N'),
(267, 'BRG00164', NULL, 0, '30', 'CHINOS PANJANG 06C 30', 'N'),
(268, 'BRG00164', NULL, 0, '31', 'CHINOS PANJANG 06C 31', 'N'),
(269, 'BRG00164', NULL, 0, '32', 'CHINOS PANJANG 06C 32', 'N'),
(270, 'BRG00165', NULL, 5, '27', 'CHINOS PANJANG 15 27', 'N'),
(271, 'BRG00165', NULL, 1, '28', 'CHINOS PANJANG 15 28', 'N'),
(272, 'BRG00165', NULL, 0, '29', 'CHINOS PANJANG 15 29', 'N'),
(273, 'BRG00165', NULL, 4, '30', 'CHINOS PANJANG 15 30', 'N'),
(274, 'BRG00165', NULL, 1, '31', 'CHINOS PANJANG 15 31', 'N'),
(275, 'BRG00165', NULL, 4, '32', 'CHINOS PANJANG 15 32', 'N'),
(276, 'BRG00166', NULL, 0, '27', 'CHINOS PANJANG 13 27', 'N'),
(277, 'BRG00166', NULL, 1, '28', 'CHINOS PANJANG 13 28', 'N'),
(278, 'BRG00166', NULL, 1, '29', 'CHINOS PANJANG 13 29', 'N'),
(279, 'BRG00166', NULL, 1, '30', 'CHINOS PANJANG 13 30', 'N'),
(280, 'BRG00166', NULL, 0, '31', 'CHINOS PANJANG 13 31', 'N'),
(281, 'BRG00166', NULL, 0, '32', 'CHINOS PANJANG 13 32', 'N'),
(282, 'BRG00167', NULL, 2, 'XL', 'OFFWHITE 01 XL', 'N'),
(283, 'BRG00168', NULL, 8, 'XL', 'OFFWHITE 04 XL', 'N'),
(284, 'BRG00169', NULL, 5, 'XL', 'OFFWHITE 05 XL', 'N');

-- --------------------------------------------------------

--
-- Struktur dari tabel `tb_details`
--

CREATE TABLE `tb_details` (
  `id` int(11) NOT NULL,
  `idwarna` int(11) DEFAULT NULL,
  `iduser` int(11) DEFAULT NULL,
  `kode_v` varchar(50) DEFAULT NULL,
  `faktur` varchar(100) DEFAULT NULL,
  `tgl` date DEFAULT NULL,
  `tgl_kadaluarsa` date DEFAULT NULL,
  `kode_barang` varchar(100) DEFAULT NULL,
  `barang` varchar(100) DEFAULT NULL,
  `harga` int(11) DEFAULT NULL,
  `jumlah` int(11) DEFAULT NULL,
  `total_a` int(11) DEFAULT NULL,
  `diskon` int(11) DEFAULT NULL,
  `total` int(11) DEFAULT NULL,
  `sb` enum('1','0') NOT NULL DEFAULT '0',
  `admin` varchar(100) DEFAULT NULL,
  `metode` enum('langsung','pesan') DEFAULT NULL
) ENGINE=InnoDB DEFAULT CHARSET=latin1;

--
-- Dumping data untuk tabel `tb_details`
--

INSERT INTO `tb_details` (`id`, `idwarna`, `iduser`, `kode_v`, `faktur`, `tgl`, `tgl_kadaluarsa`, `kode_barang`, `barang`, `harga`, `jumlah`, `total_a`, `diskon`, `total`, `sb`, `admin`, `metode`) VALUES
(1, 1, 7, NULL, 'DVN03031900001', '2019-03-03', '2019-03-06', 'BRG00001', 'kemeja flowerse', 55000, 1, 55000, 0, 55000, '1', NULL, 'pesan'),
(4, 5, 7, NULL, 'STA03031900002', '2019-03-03', '2019-03-06', 'BRG00003', 'HOODIE POLOS', 77000, 1, 77000, 0, 77000, '1', NULL, 'pesan'),
(5, 5, 7, NULL, 'STA03031900003', '2019-03-03', '2019-03-06', 'BRG00003', 'HOODIE POLOS', 77000, 2, 154000, 0, 154000, '1', NULL, 'pesan'),
(6, 5, 7, NULL, 'STA03031900003', '2019-03-03', '2019-03-06', 'BRG00003', 'HOODIE POLOS', 77000, 2, 154000, 0, 154000, '1', NULL, 'pesan'),
(8, 5, 7, NULL, 'STA04031900004', '2019-03-03', '2019-03-10', 'BRG00003', 'HOODIE POLOS', 77000, 1, 77000, 0, 77000, '1', NULL, 'pesan'),
(9, 6, 7, NULL, 'STA04031900004', '2019-03-04', '2019-03-11', 'BRG00004', 'BOMBER', 98000, 1, 98000, 0, 98000, '1', NULL, 'pesan'),
(11, 9, 7, NULL, 'STA04031900005', '2019-03-04', '2019-03-11', 'BRG00005', 'kaos polos', 35000, 1, 35000, 0, 35000, '1', NULL, 'pesan'),
(12, 1, 7, NULL, 'STA04031900006', '2019-03-04', '2019-03-11', 'BRG00001', 'kemeja flowerse', 55000, 1, 55000, 0, 55000, '1', NULL, 'pesan'),
(14, 2, 7, NULL, 'STA04031900006', '2019-03-04', '2019-03-11', 'BRG00001', 'kemeja flowerse', 55000, 3, 165000, 0, 165000, '1', NULL, 'pesan'),
(15, 6, 7, NULL, 'STA04031900007', '2019-03-04', '2019-03-11', 'BRG00004', 'BOMBER', 98000, 1, 98000, 0, 98000, '1', NULL, 'pesan'),
(16, 7, 7, NULL, 'STA05031900008', '2019-03-05', '2019-03-12', 'BRG00004', 'BOMBER', 98000, 1, 98000, 0, 98000, '1', NULL, 'pesan'),
(17, 1, 7, NULL, 'STA08031900009', '2019-03-05', '2019-03-12', 'BRG00001', 'kemeja flowerse', 55000, 1, 55000, 0, 55000, '1', NULL, 'pesan'),
(22, 1, 7, NULL, 'STA08031900009', '2019-03-08', '2019-03-15', 'BRG00001', 'kemeja flowerse', 55000, 1, 55000, 0, 55000, '1', NULL, 'pesan'),
(23, 41, 8, NULL, 'STA10031900010', '2019-03-10', '2019-03-17', 'BRG00023', 'KEMEJA POLOS 02', 55000, 1, 55000, 0, 55000, '1', NULL, 'pesan'),
(24, 60, 7, NULL, 'STA10031900011', '2019-03-10', '2019-03-17', 'BRG00032', 'SHIRT TWIST 02', 55000, 1, 55000, 0, 55000, '1', NULL, 'pesan'),
(25, 74, 7, NULL, 'STA11031900012', '2019-03-11', '2019-03-18', 'BRG00039', 'HODIE STUSSY CHESS 01', 68000, 1, 68000, 0, 68000, '1', NULL, 'pesan'),
(26, 43, 10, NULL, 'STA11031900013', '2019-03-11', '2019-03-18', 'BRG00024', 'KEMEJA POLOS 08', 55000, 1, 55000, 0, 55000, '1', NULL, 'pesan'),
(27, 112, 11, NULL, 'STA11031900014', '2019-03-11', '2019-03-18', 'BRG00076', 'HOODIE FLAVA COLOUR 04', 65000, 1, 65000, 0, 65000, '1', NULL, 'pesan'),
(28, 83, 11, NULL, 'STA11031900015', '2019-03-11', '2019-03-18', 'BRG00048', 'HOODIE FILA COMBI 04', 68000, 1, 68000, 0, 68000, '1', NULL, 'pesan'),
(33, 154, 7, NULL, 'STA15031900016', '2019-03-15', '2019-03-22', 'BRG00107', 'JP PL 03', 77000, 1, 77000, 0, 77000, '1', NULL, 'pesan'),
(34, 80, 15, NULL, 'STA16031900017', '2019-03-16', '2019-03-23', 'BRG00045', 'HOODIE SUP CHAMP 16', 82000, 1, 82000, 0, 82000, '1', NULL, 'pesan'),
(35, 77, 15, NULL, 'STA17031900018', '2019-03-17', '2019-03-24', 'BRG00042', 'HOODIE STUSSY SIGNATURE 02', 82000, 1, 82000, 0, 82000, '1', NULL, 'pesan'),
(37, 77, 15, NULL, 'STA17031900019', '2019-03-17', '2019-03-24', 'BRG00042', 'HOODIE STUSSY SIGNATURE 02', 82000, 1, 82000, 0, 82000, '1', NULL, 'pesan'),
(38, 50, 18, NULL, NULL, '2019-03-18', '2019-03-25', 'BRG00027', 'SHIRTPLAIN 03', 55000, 1, 55000, 0, 55000, '0', NULL, 'pesan'),
(40, 96, 15, NULL, 'STA19031900020', '2019-03-19', '2019-03-26', 'BRG00061', 'HOODIE ZEROES 02', 82000, 1, 82000, 0, 82000, '1', NULL, 'pesan'),
(41, 97, 15, NULL, 'STA21031900021', '2019-03-21', '2019-03-28', 'BRG00062', 'HOODIE ZEROES 01', 82000, 1, 82000, 0, 82000, '1', NULL, 'pesan');

--
-- Trigger `tb_details`
--
DELIMITER $$
CREATE TRIGGER `min_stok` AFTER INSERT ON `tb_details` FOR EACH ROW update tb_barangs set stok=stok-new.jumlah where idbarang=new.idwarna
$$
DELIMITER ;

-- --------------------------------------------------------

--
-- Struktur dari tabel `tb_kategoris`
--

CREATE TABLE `tb_kategoris` (
  `id` int(11) NOT NULL,
  `kategori` varchar(100) DEFAULT NULL,
  `gambar` varchar(100) DEFAULT NULL
) ENGINE=InnoDB DEFAULT CHARSET=latin1;

--
-- Dumping data untuk tabel `tb_kategoris`
--

INSERT INTO `tb_kategoris` (`id`, `kategori`, `gambar`) VALUES
(1, 'KEMEJA PENDEK', '1551603645-52812889_472539769948111_6073432641032421376_n.jpg'),
(6, 'JAKET JEANS', '1551631468-52415872_468287670373321_8894801356469043200_n.jpg'),
(8, 'kaos polos', '1551688887-52653734_466866750515413_4224494368800636928_n.jpg'),
(13, 'JAKET VANS BB', '1551694824-43030749_398803567321732_7654751608424628224_n.jpg'),
(14, 'HOODIE STUSSY', '1551694891-49581006_448017939066961_3262064409052184576_n.jpg'),
(15, 'HOODIE SUPREME', '1551694978-51193927_456489801553108_5629985664381485056_n.jpg'),
(16, 'ZIPPER CONVERS', '1551695024-52008444_466905013844920_7455547786830807040_n.jpg'),
(21, 'KEMEJA PANJANG', '1552219239-54381463_476286039573484_1085267892724826112_n.jpg'),
(22, 'HOODIE JAKET FILA', '1552222186-img20181127170103-01.jpeg'),
(23, 'HOODIE AHHA', '1552222911-quotephoto018709ac.jpg'),
(24, 'HOODIE FRIDAY KILLER', '1552222939-img20181128152901-01.jpeg'),
(25, 'HOODIE FLAVA', '1552222959-img20181124142552-01-02.jpeg'),
(26, 'HOODIE THRASHER', '1552223017-img20181128152229-01.jpeg'),
(27, 'HOODIE ZEROHEROES', '1552223055-img20181211144249-01.jpeg'),
(28, 'HOODIE DICKIES', '1552292860-quotephotof757a9bb.jpg'),
(29, 'HOODIE FEAR OF GOD (FOG)', '1552294477-1551867737517.jpg'),
(30, 'JAKET BOLAK=BALIK', '1552300406-picsart_11-26-05.15.17-02.jpeg'),
(31, 'HOODIE UH', '1552300533-img20181124144214-01.jpeg'),
(32, 'ZIPPER MOTIF', '1552395049-53111052_473926866476068_1458057907122733056_n.jpg'),
(33, 'PARKA COWO', '1552395077-51243131_458560451346043_7908982894612185088_n-(1).jpg'),
(34, 'PARKA CEWE', '1552395104-52596453_469697930232295_1037197085444669440_n.jpg'),
(35, 'HOODIE POLOS', '1552476706-52340183_466900573845364_6214426586179960832_n.jpg'),
(36, 'ZIPPER POLOS', '1552481196-img20181219145045-01.jpeg'),
(37, 'HOODIE PULLBEAR', '1552648928-54002520_478669122668509_3196493602905653248_n.jpg'),
(39, 'HOODIE OFFWHITE', '1553068546-quotephotob1a9fe7a.jpg'),
(40, 'KAOS BM ORI', '1553083814-54517263_480607059141382_5478045930655580160_n.jpg'),
(41, 'CELANA CHINOS', '1553250443-52605915_466904657178289_3542505673034039296_n.jpg'),
(42, 'CELANA SURFING', '1553250508-49761475_445441532657935_2083242525073604608_n.jpg'),
(43, 'TAS CEWE/COWO', '1553250608-52478537_468776690324419_1681148657484693504_n.jpg'),
(44, 'SHORTPANTS', '1553251920-54385203_480191225849632_4250396431799549952_n.jpg');

-- --------------------------------------------------------

--
-- Struktur dari tabel `tb_kodes`
--

CREATE TABLE `tb_kodes` (
  `id` int(11) NOT NULL,
  `id_kategori` int(11) DEFAULT NULL,
  `kode_barang` varchar(100) DEFAULT NULL,
  `barang` varchar(150) DEFAULT NULL,
  `harga_beli` int(11) DEFAULT NULL,
  `harga_barang` int(11) DEFAULT NULL,
  `harga_reseller` int(11) DEFAULT NULL,
  `deskripsi` mediumtext,
  `diskon` int(11) DEFAULT '0'
) ENGINE=InnoDB DEFAULT CHARSET=latin1;

--
-- Dumping data untuk tabel `tb_kodes`
--

INSERT INTO `tb_kodes` (`id`, `id_kategori`, `kode_barang`, `barang`, `harga_beli`, `harga_barang`, `harga_reseller`, `deskripsi`, `diskon`) VALUES
(1, 1, 'BRG00001', 'kemeja flowerse', NULL, 55000, NULL, '<ul><li>Jaminan 100% RealPict<br>KEMEJA</li><li>Bahan: ACRYLIC<br>Size: M,L,XL</li><li>Harga jual yang disarankan: Rp 60rb-85rb</li><li>Harga reseller : 55rb</li><li>Harga Grosir : 51rb/pcs (minim order 6psc, boleh campur dg item lain)</li></ul><p> </p>', 0),
(22, 1, 'BRG00022', 'KEMEJA POLOS 01', NULL, 55000, NULL, '<ul><li>Jaminan 100% RealPict<br>KEMEJA</li><li>Bahan: ACRYLIC<br>Size: M,L,XL</li><li>Harga jual yang disarankan: Rp 60rb-85rb</li><li>Harga reseller : 55rb</li><li>Harga Grosir : 51rb/pcs (minim order 6psc, boleh campur dg item lain)</li></ul><p> </p>', 0),
(23, 1, 'BRG00023', 'KEMEJA POLOS 02', 0, 55000, NULL, '<p>BAHAN ACRYLIC</p>', 0),
(24, 1, 'BRG00024', 'KEMEJA POLOS 08', NULL, 55000, NULL, '<ul><li>Jaminan 100% RealPict<br>KEMEJA</li><li>Bahan: ACRYLIC<br>Size: M,L,XL</li><li>Harga jual yang disarankan: Rp 60rb-85rb</li><li>Harga reseller : 55rb</li><li>Harga Grosir : 51rb/pcs (minim order 6psc, boleh campur dg item lain)</li></ul><p> </p>', 0),
(25, 1, 'BRG00025', 'KEMEJA POLOS 07', NULL, 55000, NULL, '<ul><li>Jaminan 100% RealPict<br>KEMEJA</li><li>Bahan: ACRYLIC<br>Size: M,L,XL</li><li>Harga jual yang disarankan: Rp 60rb-85rb</li><li>Harga reseller : 55rb</li><li>Harga Grosir : 51rb/pcs (minim order 6psc, boleh campur dg item lain)</li></ul><p> </p>', 0),
(26, 1, 'BRG00026', 'KEMEJA POLOS 06', NULL, 55000, NULL, '<ul><li>Jaminan 100% RealPict<br>KEMEJA</li><li>Bahan: ACRYLIC<br>Size: M,L,XL</li><li>Harga jual yang disarankan: Rp 60rb-85rb</li><li>Harga reseller : 55rb</li><li>Harga Grosir : 51rb/pcs (minim order 6psc, boleh campur dg item lain)</li></ul><p> </p>', 0),
(27, 1, 'BRG00027', 'SHIRTPLAIN 03', NULL, 55000, NULL, '<ul><li>Jaminan 100% RealPict<br>KEMEJA</li><li>Bahan: ACRYLIC<br>Size: M,L,XL</li><li>Harga jual yang disarankan: Rp 60rb-85rb</li><li>Harga reseller : 55rb</li><li>Harga Grosir : 51rb/pcs (minim order 6psc, boleh campur dg item lain)</li></ul><p> </p>', 0),
(29, 1, 'BRG00029', 'SHIRT COMBI 01', NULL, 55000, NULL, '<ul><li>Jaminan 100% RealPict<br>KEMEJA</li><li>Bahan: ACRYLIC<br>Size: M,L,XL</li><li>Harga jual yang disarankan: Rp 60rb-85rb</li><li>Harga reseller : 55rb</li><li>Harga Grosir : 51rb/pcs (minim order 6psc, boleh campur dg item lain)</li></ul><p> </p>', 0),
(30, 1, 'BRG00030', 'SHIRT COMBI 03', NULL, 55000, NULL, '<ul><li>Jaminan 100% RealPict<br>KEMEJA</li><li>Bahan: ACRYLIC<br>Size: M,L,XL</li><li>Harga jual yang disarankan: Rp 60rb-85rb</li><li>Harga reseller : 55rb</li><li>Harga Grosir : 51rb/pcs (minim order 6psc, boleh campur dg item lain)</li></ul><p> </p>', 0),
(31, 1, 'BRG00031', 'SHIRT COMBI 16', NULL, 55000, NULL, '<ul><li>Jaminan 100% RealPict<br>KEMEJA</li><li>Bahan: ACRYLIC<br>Size: M,L,XL</li><li>Harga jual yang disarankan: Rp 60rb-85rb</li><li>Harga reseller : 55rb</li><li>Harga Grosir : 51rb/pcs (minim order 6psc, boleh campur dg item lain)</li></ul><p> </p>', 0),
(32, 1, 'BRG00032', 'SHIRT TWIST 02', NULL, 55000, NULL, '<ul><li>Jaminan 100% RealPict<br>KEMEJA</li><li>Bahan: ACRYLIC<br>Size: M,L,XL</li><li>Harga jual yang disarankan: Rp 60rb-85rb</li><li>Harga reseller : 55rb</li><li>Harga Grosir : 51rb/pcs (minim order 6psc, boleh campur dg item lain)</li></ul><p> </p>', 0),
(33, 1, 'BRG00033', 'shirt littleflow 16', NULL, 55000, NULL, '<ul><li>Jaminan 100% RealPict<br>KEMEJA</li><li>Bahan: ACRYLIC<br>Size: M,L,XL</li><li>Harga jual yang disarankan: Rp 60rb-85rb</li><li>Harga reseller : 55rb</li><li>Harga Grosir : 51rb/pcs (minim order 6psc, boleh campur dg item lain)</li></ul><p> </p>', 0),
(34, 1, 'BRG00034', 'SHIRT TRIANGLE 02', NULL, 55000, NULL, '<ul><li>Jaminan 100% RealPict<br>KEMEJA</li><li>Bahan: ACRYLIC<br>Size: M,L,XL</li><li>Harga jual yang disarankan: Rp 60rb-85rb</li><li>Harga reseller : 55rb</li><li>Harga Grosir : 51rb/pcs (minim order 6psc, boleh campur dg item lain)</li></ul><p> </p>', 0),
(36, 21, 'BRG00035', 'LONGS 02', NULL, 58000, NULL, '<ul><li>Jaminan 100% RealPict<br>KEMEJA</li><li>Bahan: ACRYLIC<br>Size: M,L,XL</li><li>Harga jual yang disarankan: Rp 63rb-90rb</li><li>Harga reseller : 58rb</li><li>Harga Grosir : 54rb/pcs (minim order 6psc, boleh campur dg item lain)</li></ul><p> </p>', 0),
(37, 21, 'BRG00036', 'LONGS 16', NULL, 58000, NULL, '<ul><li>Jaminan 100% RealPict<br>KEMEJA</li><li>Bahan: ACRYLIC<br>Size: M,L,XL</li><li>Harga jual yang disarankan: Rp 63rb-90rb</li><li>Harga reseller : 58rb</li><li>Harga Grosir : 54rb/pcs (minim order 6psc, boleh campur dg item lain)</li></ul><p> </p>', 0),
(38, 21, 'BRG00037', 'LONGS SOFT 04', NULL, 58000, NULL, '<ul><li>Jaminan 100% RealPict<br>KEMEJA</li><li>Bahan: ACRYLIC<br>Size: M,L,XL</li><li>Harga jual yang disarankan: Rp 63rb-90rb</li><li>Harga reseller : 58rb</li><li>Harga Grosir : 54rb/pcs (minim order 6psc, boleh campur dg item lain)</li></ul><p> </p>', 0),
(39, 14, 'BRG00038', 'HOODIE STUSSY CHESS 02', NULL, 68000, NULL, '<ul><li>Jaminan 100% RealPict<br>HOODIE STUSSY CHESS</li><li>Bahan: FLEECE (Plastisol, Fulltag)<br>Size: L</li><li>Harga jual yang disarankan: Rp 73rb-95rb</li><li>Harga reseller :68rb</li></ul><p> </p>', 0),
(40, 14, 'BRG00039', 'HODIE STUSSY CHESS 01', NULL, 68000, NULL, '<ul><li>Jaminan 100% RealPict<br>HOODIE STUSSY CHESS</li><li>Bahan: FLEECE (plastisol, Fulltag)<br>Size: L</li><li>Harga jual yang disarankan: Rp 73rb-95rb</li><li>Harga reseller :68rb</li></ul><p> </p>', 0),
(41, 14, 'BRG00040', 'HOODIE STUSSY CHESS 03', NULL, 68000, NULL, '<ul><li>Jaminan 100% RealPict<br>HOODIE STUSSY  CHESS</li><li>Bahan: FLEECE  (Plastisol, Fulltag)<br>Size: L</li><li>Harga jual yang disarankan: Rp 73rb-95rb</li><li>Harga reseller :68rb</li></ul><p> </p>', 0),
(42, 14, 'BRG00041', 'HOODIE STUSSY SIGNATURE 01', NULL, 82000, NULL, '<ul><li>Jaminan 100% RealPict<br>HOODIE STUSSY SIGNATURE</li><li>Bahan: FLEECE PREMIUM (fullbordir, Fulltag)<br>Size: XL</li><li>Harga jual yang disarankan: Rp 90rb-110rb</li><li>Harga reseller : 82rb</li><li>Harga Grosir : 78rb/pcs (minim order 6psc, boleh campur dg item lain)</li></ul><p> </p>', 0),
(43, 14, 'BRG00042', 'HOODIE STUSSY SIGNATURE 02', NULL, 82000, NULL, '<ul><li>Jaminan 100% RealPict<br>HOODIE STUSSY SIGNATURE</li><li>Bahan: FLEECE PREMIUM (fullbordir, Fulltag)<br>Size: XL</li><li>Harga jual yang disarankan: Rp 90rb-110rb</li><li>Harga reseller : 82rb</li><li>Harga Grosir : 78rb/pcs (minim order 6psc, boleh campur dg item lain)</li></ul><p> </p>', 0),
(44, 14, 'BRG00043', 'HOODIE STUSSY SIGNATURE 03', NULL, 82000, NULL, '<ul><li>Jaminan 100% RealPict<br>HOODIE STUSSY SIGNATURE</li><li>Bahan: FLEECE PREMIUM (fullbordir, Fulltag)<br>Size: XL</li><li>Harga jual yang disarankan: Rp 90rb-110rb</li><li>Harga reseller : 82rb</li><li>Harga Grosir : 78rb/pcs (minim order 6psc, boleh campur dg item lain)</li></ul><p> </p>', 0),
(45, 14, 'BRG00044', 'HOODIE STUSSY GOLD 02', NULL, 82000, NULL, '<ul><li>Jaminan 100% RealPict<br>HOODIE STUSSY GOLD</li><li>Bahan: FLEECE PREMIUM (fullbordir, Fulltag)<br>Size: XL</li><li>Harga jual yang disarankan: Rp 90rb-110rb</li><li>Harga reseller : 82rb</li><li>Harga Grosir : 78rb/pcs (minim order 6psc, boleh campur dg item lain)</li></ul><p> </p>', 0),
(46, 15, 'BRG00045', 'HOODIE SUP CHAMP 16', NULL, 82000, NULL, '<ul><li>Jaminan 100% RealPict<br>HOODIE SUPREME CHAMP</li><li>Bahan: FLEECE PREMIUM (fullbordir, Fulltag)<br>Size: XL</li><li>Harga jual yang disarankan: Rp 90rb-110rb</li><li>Harga reseller : 82rb</li><li>Harga Grosir : 78rb/pcs (minim order 6psc, boleh campur dg item lain)</li></ul><p> </p>', 0),
(47, 15, 'BRG00046', 'HOODIE SUP CHAMP 02', NULL, 82000, NULL, '<ul><li>Jaminan 100% RealPict<br>HOODIE SUPREME CHAMP</li><li>Bahan: FLEECE PREMIUM (fullbordir, Fulltag)<br>Size: XL</li><li>Harga jual yang disarankan: Rp 90rb-110rb</li><li>Harga reseller : 82rb</li><li>Harga Grosir : 78rb/pcs (minim order 6psc, boleh campur dg item lain)</li></ul><p> </p>', 0),
(48, 15, 'BRG00047', 'HOODIE SUP OW 02', NULL, 82000, NULL, '<ul><li>Jaminan 100% RealPict<br>HOODIE SUPREME OW</li><li>Bahan: FLEECE PREMIUM (fullbordir, Fulltag)<br>Size: XL</li><li>Harga jual yang disarankan: Rp 90rb-110rb</li><li>Harga reseller : 82rb</li></ul><p> </p>', 0),
(49, 22, 'BRG00048', 'HOODIE FILA COMBI 04', NULL, 68000, NULL, '<ul><li>Jaminan 100% RealPict<br>HOODIE FILA COMBI</li><li>Bahan: FLEECE<br>Size: L LUAR</li><li>Harga jual yang disarankan: Rp73RB-95RB</li><li>Harga reseller :68rb</li></ul><p> </p>', 0),
(50, 22, 'BRG00049', 'HOODIE FILA COMBI 06', NULL, 68000, NULL, '<ul><li>Jaminan 100% RealPict<br>HOODIE FILA COMBI</li><li>Bahan: FLEECE<br>Size: L LUAR</li><li>Harga jual yang disarankan: Rp73RB-95RB</li><li>Harga reseller :68rb</li></ul><p> </p>', 0),
(51, 22, 'BRG00050', 'ZIPPER FILA TNT 03', NULL, 65000, NULL, '<ul><li>Jaminan 100% RealPict<br>ZIPPER FILA TNT</li><li>Bahan: FLEECE<br>Size: L</li><li>Harga jual yang disarankan: Rp70RB-90RB</li><li>Harga reseller :65rb</li></ul><p> </p>', 0),
(52, 22, 'BRG00051', 'ZIPPER FILA TNT 04', NULL, 65000, NULL, '<ul><li>Jaminan 100% RealPict<br>ZIPPER FILA TNT</li><li>Bahan: FLEECE<br>Size: L</li><li>Harga jual yang disarankan: Rp70RB-90RB</li><li>Harga reseller :65rb</li></ul><p> </p>', 0),
(53, 22, 'BRG00052', 'ZIPPER FILA TNT 16', NULL, 65000, NULL, '<ul><li>Jaminan 100% RealPict<br>ZIPPER  FILA  TNT</li><li>Bahan: FLEECE<br>Size: L</li><li>Harga jual yang disarankan: Rp70RB-90RB</li><li>Harga reseller :65rb</li></ul><p> </p>', 0),
(54, 22, 'BRG00053', 'HOODIE FILA ROWA 06', NULL, 63000, NULL, '<ul><li>Jaminan 100% RealPict<br>HOODIE FILA ROWA</li><li>Bahan: FLEECE<br>Size: L luar</li><li>Harga jual yang disarankan: Rp 68rb-90rb</li><li>Harga reseller :63rb</li></ul><p> </p>', 0),
(55, 15, 'BRG00054', 'ZIPPER SUPREME BATIK 02', NULL, 65000, NULL, '<ul><li>Jaminan 100% RealPict<br>HOODIE SUPREMEBATIK</li><li>Bahan: FLEECE<br>Size: L</li><li>Harga jual yang disarankan: Rp 70rb-90rb</li><li>Harga reseller :65rb</li></ul><p> </p>', 0),
(56, 15, 'BRG00055', 'ZIPPER SUPREME BATIK 01', NULL, 65000, NULL, '<ul><li>Jaminan 100% RealPict<br>HOODIE SUPREME BATIK</li><li>Bahan: FLEECE<br>Size: L</li><li>Harga jual yang disarankan: Rp 70rb-90rb</li><li>Harga reseller :65rb</li></ul>', 0),
(57, 28, 'BRG00056', 'HOODIE DICKIES 02', NULL, 82000, NULL, '<ul><li>Jaminan 100% RealPict<br>HOODIE DICKIES</li><li>Bahan: FLEECE PREMIUM (fullbordir, Fulltag)<br>Size: XL</li><li>Harga jual yang disarankan: Rp 90rb-110rb</li><li>Harga reseller : 82rb</li><li>Harga Grosir : 78rb/pcs (minim order 6psc, boleh campur dg item lain)</li></ul><p> </p>', 0),
(58, 27, 'BRG00057', 'HOODIE ZH STRIPE 02', NULL, 68000, NULL, '<ul><li>Jaminan 100% RealPict<br>HOODIE ZERO STRIPE</li><li>Bahan: FLEECE (plastisol, Fulltag)<br>Size: XL</li><li>Harga jual yang disarankan: Rp 73rb-95rb</li><li>Harga reseller : 68rb</li></ul><p> </p>', 0),
(59, 27, 'BRG00058', 'HOODIE ZH STRIPE 08', NULL, 68000, NULL, '<ul><li>Jaminan 100% RealPict<br>HOODIE ZERO STRIPE</li><li>Bahan: FLEECE (plastisol, Fulltag)<br>Size: XL</li><li>Harga jual yang disarankan: Rp 73rb-95rb</li><li>Harga reseller :68rb</li></ul>', 0),
(60, 27, 'BRG00059', 'HOODIE ZH STRIPE 01', NULL, 68000, NULL, '<ul><li>Jaminan 100% RealPict<br>HOODIE ZERO STRIPE</li><li>Bahan: FLEECE  (plastisol, Fulltag)<br>Size: XL</li><li>Harga jual yang disarankan: Rp 73rb-95rb</li><li>Harga reseller: 68rb</li></ul><p> </p>', 0),
(61, 27, 'BRG00060', 'HOODIE ZH STRIPE 06', NULL, 68000, NULL, '<ul><li>Jaminan 100% RealPict<br>HOODIE ZERO STRIPE</li><li>Bahan: FLEECE  (plastisol, Fulltag)<br>Size: XL</li><li>Harga jual yang disarankan: Rp 73rb-95rb</li><li>Harga reseller: 68rb</li></ul><p> </p>', 0),
(62, 27, 'BRG00061', 'HOODIE ZEROES 02', NULL, 82000, NULL, '<ul><li>Jaminan 100% RealPict<br>HOODIE ZEROHEROES</li><li>Bahan: FLEECE PREMIUM (Fullbordir, Fulltag)<br>Size: XL</li><li>Harga jual yang disarankan: Rp 90rb-110rb</li><li>Harga reseller : 82rb</li><li>Harga Grosir : 78rb/pcs (minim order 6psc, boleh campur dg item lain)</li></ul><p> </p>', 0),
(63, 27, 'BRG00062', 'HOODIE ZEROES 01', NULL, 82000, NULL, '<ul><li>Jaminan 100% RealPict<br>HOODIE ZEROHEROES</li><li>Bahan: FLEECE PREMIUM (fullbordir, Fulltag)<br>Size: XL</li><li>Harga jual yang disarankan: Rp 90rb-110rb</li><li>Harga reseller : 82rb</li><li>Harga Grosir : 78rb/pcs (minim order 6psc, boleh campur dg item lain)</li></ul><p> </p>', 0),
(64, 27, 'BRG00063', 'HOODIE ZEROES 03', NULL, 82000, NULL, '<ul><li>Jaminan 100% RealPict<br>HOODIE ZEROHEROES</li><li>Bahan: FLEECE PREMIUM (fullbordir, Fulltag)<br>Size: XL</li><li>Harga jual yang disarankan: Rp 90rb-110rb</li><li>Harga reseller : 82rb</li><li>Harga Grosir : 78rb/pcs (minim order 6psc, boleh campur dg item lain)</li></ul><p> </p>', 0),
(65, 29, 'BRG00064', 'HOODIE F.O.G ROSES 16', NULL, 82000, NULL, '<ul><li>Jaminan 100% RealPict<br>HOODIE FOG ROSES</li><li>Bahan: FLEECE PREMIUM (fullbordir, Fulltag)<br>Size: XL</li><li>Harga jual yang disarankan: Rp 90rb-110rb</li><li>Harga reseller : 82rb</li><li>Harga Grosir : 78rb/pcs (minim order 6psc, boleh campur dg item lain)</li></ul><p> </p>', 0),
(66, 29, 'BRG00065', 'HOODIE F.O.G ROSES 02', NULL, 82000, NULL, '<ul><li>Jaminan 100% RealPict<br>HOODIE FOG ROSES</li><li>Bahan: FLEECE PREMIUM (fullbordir, Fulltag)<br>Size: XL</li><li>Harga jual yang disarankan: Rp 90rb-110rb</li><li>Harga reseller : 82rb</li><li>Harga Grosir : 78rb/pcs (minim order 6psc, boleh campur dg item lain)</li></ul><p> </p>', 0),
(67, 29, 'BRG00066', 'HOODIE F.O.G ROSES 01', NULL, 82000, NULL, '<ul><li>Jaminan 100% RealPict<br>HOODIE FOG ROSES</li><li>Bahan: FLEECE PREMIUM (fullbordir, Fulltag)<br>Size: XL</li><li>Harga jual yang disarankan: Rp 90rb-110rb</li><li>Harga reseller : 82rb</li><li>Harga Grosir : 78rb/pcs (minim order 6psc, boleh campur dg item lain)</li></ul><p> </p>', 0),
(68, 29, 'BRG00067', 'HOODIE F.O.G ROSES 03', NULL, 82000, NULL, '<ul><li>Jaminan 100% RealPict<br>HOODIE FOGROSES</li><li>Bahan: FLEECE PREMIUM (fullbordir, Fulltag)<br>Size: XL</li><li>Harga jual yang disarankan: Rp 90rb-110rb</li><li>Harga reseller : 82rb</li><li>Harga Grosir : 78rb/pcs (minim order 6psc, boleh campur dg item lain)</li></ul><p> </p>', 0),
(69, 25, 'BRG00068', 'HOODIE FLAVA COLOUR 05 (BLACK)', NULL, 85000, NULL, '<ul><li>Jaminan 100% RealPict<br>HOODIE FLAVA COLOUR<br>Bahan: FLEECE PREMIUM (plastisol, Fulltag)<br>Size: XL</li><li>Harga jual yang disarankan: Rp 90rb-110rb</li><li>Harga reseller : 85rb</li><li>Harga Grosir : 81rb/pcs (minim order 6psc, boleh campur dg item lain)</li></ul><p> </p>', 0),
(70, 25, 'BRG00069', 'HOODIE FLAVA COLOUR 05 (WHITE)', NULL, 85000, NULL, '<ul><li>Jaminan 100% RealPict<br>HOODIE FLAVA COLOUR<br>Bahan: FLEECE PREMIUM (plastisol, Fulltag)<br>Size: XL</li><li>Harga jual yang disarankan: Rp 90rb-110rb</li><li>Harga reseller : 85rb</li><li>Harga Grosir : 81rb/pcs (minim order 6psc, boleh campur dg item lain)</li></ul><p> </p>', 0),
(71, 25, 'BRG00070', 'HOODIE FLAVA ROOT 03 (BLACK)', NULL, 85000, NULL, '<ul><li>Jaminan 100% RealPict<br>HOODIE FLAVA COLOUR<br>Bahan: FLEECE PREMIUM (plastisol, Fulltag)<br>Size: XL</li><li>Harga jual yang disarankan: Rp 90rb-110rb</li><li>Harga reseller : 85rb</li><li>Harga Grosir : 81rb/pcs (minim order 6psc, boleh campur dg item lain)</li></ul><p> </p>', 0),
(72, 25, 'BRG00071', 'HOODIE FLAVA COLOUR 03 (WHITE)', NULL, 85000, NULL, '<ul><li>Jaminan 100% RealPict<br>HOODIE FLAVA COLOUR<br>Bahan: FLEECE PREMIUM (plastisol, Fulltag)<br>Size: XL</li><li>Harga jual yang disarankan: Rp 90rb-110rb</li><li>Harga reseller : 85rb</li><li>Harga Grosir : 81rb/pcs (minim order 6psc, boleh campur dg item lain)</li></ul><p> </p>', 0),
(73, 25, 'BRG00071', 'HOODIE FLAVA COLOUR 03 (WHITE)', 0, 85000, NULL, '<p>BAHAN:FLEECE PREMIUM,FULLPRINT,,FULLTAG</p>', 0),
(74, 25, 'BRG00072', 'HOODIE FLAVA COLOUR 01', NULL, 85000, NULL, '<ul><li>Jaminan 100% RealPict<br>HOODIE FLAVA COLOUR<br>Bahan: FLEECE PREMIUM (plastisol, Fulltag)<br>Size: XL</li><li>Harga jual yang disarankan: Rp 90rb-110rb</li><li>Harga reseller : 85rb</li><li>Harga Grosir : 81rb/pcs (minim order 6psc, boleh campur dg item lain)</li></ul><p> </p>', 0),
(75, 25, 'BRG00073', 'HOODIE FLAVA COLOUR 02', NULL, 65000, NULL, '<ul><li>Jaminan ?% RealPict?<br>HOODIE FLAVA COLOUR<br>Bahan: FLEECE PREMIUM (plastisol, Fulltag)<br>Size: XL</li><li>Harga jual yang disarankan: Rp 90rb-110rb</li><li>Harga reseller : 85rb</li><li>Harga Grosir : 81rb/pcs (minim order 6psc, boleh campur dg item lain)</li></ul><p> </p>', 0),
(76, 25, 'BRG00074', 'HOODIE FLAVA VOLCANO 02', NULL, 68000, NULL, '<ul><li>Jaminan 100% RealPict<br>HOODIE FLAVA VOLCANO<br>Bahan: FLEECE PREMIUM (plastisol, Fulltag)<br>Size: XL</li><li>Harga jual yang disarankan: Rp 73rb-95rb</li><li>Harga reseller :68rb</li></ul><p> </p>', 0),
(77, 25, 'BRG00075', 'FLAVA VOLCANO 01', NULL, 68000, NULL, '<ul><li>Jaminan ?% RealPict?<br>HOODIE FLAVA VOLCANO<br>Bahan: FLEECE  (plastisol, Fulltag)<br>Size: L</li><li>Harga jual yang disarankan: Rp 73rb-95rb</li><li>Harga reseller : 68rb</li></ul><p> </p>', 0),
(78, 25, 'BRG00076', 'HOODIE FLAVA COLOUR 04', NULL, 85000, NULL, '<ul><li>Jaminan ?% RealPict?<br>HOODIE FLAVA COLOUR<br>Bahan: FLEECE PREMIUM (plastisol, Fulltag)<br>Size: XL</li><li>Harga jual yang disarankan: Rp 90rb-110rb</li><li>Harga reseller : 85rb</li><li>Harga Grosir : 81rb/pcs (minim order 6psc, boleh campur dg item lain)</li></ul><p> </p>', 0),
(79, 29, 'BRG00077', 'HOODIE FOG 13', NULL, 82000, NULL, '<ul><li>Jaminan ?% RealPict?<br>HOODIE FEAR OF GOD<br>Bahan: FLEECE PREMIUM (plastisol, Fulltag)<br>Size: XL</li><li>Harga jual yang disarankan: Rp 90rb-110rb</li><li>Harga reseller : 82rb</li><li>Harga Grosir : 78rb/pcs (minim order 6psc, boleh campur dg item lain)</li></ul><p> </p>', 0),
(80, 29, 'BRG00078', 'HOODIE FOG 02', NULL, 82000, NULL, '<ul><li>Jaminan ?% RealPict?<br>HOODIE FEAR OF GOD<br>Bahan: FLEECE PREMIUM (plastisol, Fulltag)<br>Size: XL</li><li>Harga jual yang disarankan: Rp 90rb-110rb</li><li>Harga reseller : 82rb</li><li>Harga Grosir : 78rb/pcs (minim order 6psc, boleh campur dg item lain)</li></ul><p> </p>', 0),
(81, 29, 'BRG00079', 'HOODIE FOG 01', NULL, 82000, NULL, '<ul><li>Jaminan ?% RealPict?<br>HOODIE FEAR OF GOD<br>Bahan: FLEECE PREMIUM (plastisol, Fulltag)<br>Size: XL</li><li>Harga jual yang disarankan: Rp 90rb-110rb</li><li>Harga reseller : 82rb</li><li>Harga Grosir : 78rb/pcs (minim order 6psc, boleh campur dg item lain)</li></ul><p> </p>', 0),
(82, 29, 'BRG00080', 'HOODIE FOG 3', NULL, 82000, NULL, '<ul><li>Jaminan 100% RealPict?<br>HOODIE FEAR OF GOD<br>Bahan: FLEECE PREMIUM (plastisol, Fulltag)<br>Size: XL</li><li>Harga jual yang disarankan: Rp 90rb-110rb</li><li>Harga reseller : 82rb</li><li>Harga Grosir : 78rb/pcs (minim order 6psc, boleh campur dg item lain)</li></ul><p> </p>', 0),
(83, 29, 'BRG00081', 'HOODIE FOG 05', NULL, 82000, NULL, '<ul><li>Jaminan ?% RealPict?<br>HOODIE FEAR OF GOD<br>Bahan: FLEECE PREMIUM (plastisol, Fulltag)<br>Size: XL</li><li>Harga jual yang disarankan: Rp 90rb-110rb</li><li>Harga reseller : 82rb</li><li>Harga Grosir : 78rb/pcs (minim order 6psc, boleh campur dg item lain)</li></ul><p> </p>', 0),
(84, 30, 'BRG00082', 'BM AS 01', NULL, 98000, NULL, '<ul><li>Jaminan 100% RealPict<br>BM AS<br>Bahan: PARASUT SCOT+ dalam FLEECE<br>Size: XL</li><li>Harga jual yang disarankan: Rp 103rb-125rb</li><li>Harga reseller : 98rb</li><li>Harga Grosir : 94rb/pcs (minim order 6psc, boleh campur dg item lain)</li></ul><p> </p>', 0),
(85, 30, 'BRG00083', 'BM AS 02', NULL, 98000, NULL, '<ul><li>Jaminan 100% RealPict<br>BM AS<br>Bahan: PARASUT SCOT+ dalam FLEECE<br>Size: XL</li><li>Harga jual yang disarankan: Rp 103rb-125rb</li><li>Harga reseller : 98rb</li><li>Harga Grosir : 94rb/pcs (minim order 6psc, boleh campur dg item lain)</li></ul><p> </p>', 0),
(86, 30, 'BRG00084', 'BM AS 03', NULL, 98000, NULL, '<ul><li>Jaminan 100% RealPict<br>BM BGSR<br>Bahan: PARASUT SCOT+ dalam FLEECE<br>Size: XL</li><li>Harga jual yang disarankan: Rp 103rb-125rb</li><li>Harga reseller : 98rb</li><li>Harga Grosir : 94rb/pcs (minim order 6psc, boleh campur dg item lain)</li></ul><p> </p>', 0),
(87, 30, 'BRG00085', 'BM FRIDAY 01', NULL, 98000, NULL, '<ul><li>Jaminan 100% RealPict<br>BM FRIDAY<br>Bahan: PARASUT DESPO + dalam FLEECE<br>Size: XL</li><li>Harga jual yang disarankan: Rp 103rb-125rb</li><li>Harga reseller : 98rb</li><li>Harga Grosir : 94rb/pcs (minim order 6psc, boleh campur dg item lain)</li></ul><p> </p>', 0),
(88, 30, 'BRG00086', 'BM FRIDAY 02', NULL, 98000, NULL, '<ul><li>Jaminan 100% RealPict<br>BM FRIDAY<br>Bahan: PARASUT SCOT+ dalam FLEECE<br>Size: XL</li><li>Harga jual yang disarankan: Rp 103rb-125rb</li><li>Harga reseller : 98rb</li><li>Harga Grosir : 94rb/pcs (minim order 6psc, boleh campur dg item lain)</li></ul><p> </p>', 0),
(89, 30, 'BRG00087', 'BM BGSR 01', NULL, 98000, NULL, '<ul><li>Jaminan 100% RealPict<br>BM BGSR<br>Bahan: PARASUT SCOT<br>Size: L</li><li>Harga jual yang disarankan: Rp 103rb-125rb</li><li>Harga reseller : 98rb</li><li>Harga Grosir : 94rb/pcs (minim order 6psc, boleh campur dg item lain)</li></ul><p> </p>', 0),
(90, 30, 'BRG00088', 'DCBB 02.10', NULL, 98000, NULL, '<ul><li>Jaminan 100% RealPict<br>DC BB B<br>Bahan: PARASUT DESPO + dalam FLEECE<br>Size: XL-XXL</li><li>Harga jual yang disarankan: Rp 103rb-125rb</li><li>Harga reseller : 98rb</li><li>Harga Grosir : 94rb/pcs (minim order 6psc, boleh campur dg item lain)</li></ul><p> </p>', 0),
(91, 30, 'BRG00089', 'DCBB 02.6', NULL, 98000, NULL, '<ul><li>Jaminan 100% RealPict<br>DC BB B<br>Bahan: PARASUT DESPO + dalam FLEECE<br>Size: XL-XXL</li><li>Harga jual yang disarankan: Rp 103rb-125rb</li><li>Harga reseller : 98rb</li><li>Harga Grosir : 94rb/pcs (minim order 6psc, boleh campur dg item lain)</li></ul><p> </p>', 0),
(92, 1, 'BRG00090', 'LINE ABSTACT 02', 0, 55000, NULL, '<ul><li>Jaminan 100% RealPict<br>KEMEJA</li><li>Bahan: ACRYLIC<br>Size: M,L,XL</li><li>Harga jual yang disarankan: Rp 60rb-85rb</li><li>Harga reseller : 55rb</li><li>Harga Grosir : 51rb/pcs (minim order 6psc, boleh campur dg item lain)</li></ul><p> </p>', 0),
(93, 1, 'BRG00091', 'POLKA WHITE 16', 0, 55000, NULL, '<ul><li>Jaminan 100% RealPict<br>KEMEJA</li><li>Bahan: ACRYLIC<br>Size: M,L,XL</li><li>Harga jual yang disarankan: Rp 60rb-85rb</li><li>Harga reseller : 55rb</li><li>Harga Grosir : 51rb/pcs (minim order 6psc, boleh campur dg item lain)</li></ul><p> </p>', 0),
(94, 1, 'BRG00092', 'ABSTRACT 02', 0, 55000, NULL, '<ul><li>Jaminan 100% RealPict<br>KEMEJA</li><li>Bahan: ACRYLIC<br>Size: M,L,XL</li><li>Harga jual yang disarankan: Rp 60rb-85rb</li><li>Harga reseller : 55rb</li><li>Harga Grosir : 51rb/pcs (minim order 6psc, boleh campur dg item lain)</li></ul><p> </p>', 0),
(95, 1, 'BRG00093', 'CROWDED 16', 0, 55000, NULL, '<ul><li>Jaminan 100% RealPict<br>KEMEJA</li><li>Bahan: ACRYLIC<br>Size: M,L,XL</li><li>Harga jual yang disarankan: Rp 60rb-85rb</li><li>Harga reseller : 55rb</li><li>Harga Grosir : 51rb/pcs (minim order 6psc, boleh campur dg item lain)</li></ul><p> </p>', 0),
(96, 24, 'BRG00094', 'HOODIE FRIDAY 02', 0, 82000, NULL, '<ul><li>Jaminan 100% RealPict<br>HOODIE FRIDAY KILLER<br>Bahan: FLEECE PREMIUM (fullbordir Fulltag)<br>Size: XL</li><li>Harga jual yang disarankan: Rp 90rb-110rb</li><li>Harga reseller : 82rb</li><li>Harga Grosir : 78rb/pcs (minim order 6psc, boleh campur dg item lain)</li></ul><p> </p>', 0),
(97, 24, 'BRG00095', 'hoodie friday 16', 0, 82000, NULL, '<ul><li>Jaminan 100% RealPict<br>HOODIE FRIDAY KILLER<br>Bahan: FLEECE PREMIUM (fullbordir Fulltag)<br>Size: XL</li><li>Harga jual yang disarankan: Rp 90rb-110rb</li><li>Harga reseller : 82rb</li><li>Harga Grosir : 78rb/pcs (minim order 6psc, boleh campur dg item lain)</li></ul><p> </p>', 0),
(98, 24, 'BRG00096', 'HOODIE FRIDAY 03', 0, 82000, NULL, '<ul><li>Jaminan 100% RealPict<br>HOODIE FRIDAY KILLER<br>Bahan: FLEECE PREMIUM (fullbordir Fulltag)<br>Size: XL</li><li>Harga jual yang disarankan: Rp 90rb-110rb</li><li>Harga reseller : 82rb</li><li>Harga Grosir : 78rb/pcs (minim order 6psc, boleh campur dg item lain)</li></ul><p> </p>', 0),
(99, 23, 'BRG00097', 'HD AHHA 03', 0, 65000, NULL, '<ul><li>Jaminan 100% RealPict<br>HOODIE AHHA<br>Bahan: FLEECE<br>Size: L</li><li>Harga jual yang disarankan: Rp 70rb-90rb</li><li>Harga reseller : 65rb</li></ul><p> </p>', 0),
(100, 23, 'BRG00098', 'HD AHHA 01', 0, 65000, NULL, '<ul><li>Jaminan 100% RealPict<br>HOODIE AHHA<br>Bahan: FLEECE <br>Size: L</li><li>Harga jual yang disarankan: Rp 70rb-90rb</li><li>Harga reseller : 65rb</li></ul><p> </p>', 0),
(101, 23, 'BRG00099', 'HD AHHA 02', 0, 65000, NULL, '<ul><li>Jaminan 100% RealPict<br>HOODIE AHHA <br>Bahan: FLEECE<br>Size: L</li><li>Harga jual yang disarankan: Rp 70rb-90rb</li><li>Harga reseller : 65rb</li></ul><p> </p>', 0),
(102, 23, 'BRG00100', 'HD AHHA TORN 01', 0, 85000, NULL, '<ul><li>Jaminan 100% RealPict<br>HOODIE AHHA TORN 01<br>Bahan: FLEECE PREMIUM (fullprint Fulltag)<br>Size: XL</li><li>Harga jual yang disarankan: Rp 90rb-115rb</li><li>Harga reseller : 85rb</li><li>Harga Grosir : 81rb/pcs (minim order 6psc, boleh campur dg item lain)</li></ul><p> </p>', 0),
(103, 23, 'BRG00101', 'HD AHHA TORN 02', NULL, 85000, NULL, '<ul><li>Jaminan 100% RealPict<br>HOODIE AHHA TORN 01<br>Bahan: FLEECE PREMIUM (fullprint Fulltag)<br>Size: XL</li><li>Harga jual yang disarankan: Rp 90rb-115rb</li><li>Harga reseller : 85rb</li><li>Harga Grosir : 81rb/pcs (minim order 6psc, boleh campur dg item lain)</li></ul><p> </p>', 0),
(104, 23, 'BRG00102', 'HOODIE AHHA TORN 03', 0, 85000, NULL, '<ul><li>Jaminan 100% RealPict<br>HOODIE AHHA TORN 01<br>Bahan: FLEECE PREMIUM (fullprint Fulltag)<br>Size: XL</li><li>Harga jual yang disarankan: Rp 90rb-115rb</li><li>Harga reseller : 85rb</li><li>Harga Grosir : 81rb/pcs (minim order 6psc, boleh campur dg item lain)</li></ul><p> </p>', 0),
(105, 23, 'BRG00103', 'HD AHHA TORN 16', 0, 85000, NULL, '<ul><li>Jaminan 100% RealPict<br>HOODIE AHHA TORN 01<br>Bahan: FLEECE PREMIUM (fullprint Fulltag)<br>Size: XL</li><li>Harga jual yang disarankan: Rp 90rb-115rb</li><li>Harga reseller : 85rb</li><li>Harga Grosir : 81rb/pcs (minim order 6psc, boleh campur dg item lain)</li></ul><p> </p>', 0),
(106, 30, 'BRG00104', 'BOMBER ATTA', 0, 98000, NULL, '<ul><li>Jaminan 100% RealPict<br>HOODIE AHHA TORN 01<br>Bahan: Parasit despo + dalam fleece<br>Size: L FIT XL</li><li>Harga jual yang disarankan: Rp 103rb-135rb</li><li>Harga reseller : 98rb</li><li>Harga Grosir : 94rb/pcs (minim order 6psc, boleh campur dg item lain)</li></ul><p> </p>', 0),
(107, 35, 'BRG00105', 'JP PL 01', NULL, 77000, NULL, '<ul><li>Jaminan 100% RealPict<br>HOODIE POLOS<br>Bahan: FLEECE<br>Size: XL</li><li>Harga jual yang disarankan: Rp 85rb-1115rb</li><li>Harga reseller : 77rb</li><li>Harga Grosir : 73rb/pcs (minim order 6psc, boleh campur dg item lain)</li></ul><p> </p>', 0),
(108, 35, 'BRG00106', 'JP PL 02', 0, 77000, NULL, '<ul><li>Jaminan 100% RealPict<br>HOODIE POLOS<br>Bahan: FLEECE<br>Size: XL</li><li>Harga jual yang disarankan: Rp 85rb-1115rb</li><li>Harga reseller : 77rb</li><li>Harga Grosir : 73rb/pcs (minim order 6psc, boleh campur dg item lain)</li></ul><p> </p>', 0),
(109, 35, 'BRG00107', 'JP PL 03', 0, 77000, NULL, '<ul><li>Jaminan 100% RealPict<br>HOODIE POLOS<br>Bahan: FLEECE<br>Size: XL</li><li>Harga jual yang disarankan: Rp 85rb-1115rb</li><li>Harga reseller : 77rb</li><li>Harga Grosir : 73rb/pcs (minim order 6psc, boleh campur dg item lain)</li></ul><p> </p>', 0),
(110, 35, 'BRG00108', 'JP PL 04', 0, 77000, NULL, '<ul><li>Jaminan 100% RealPict<br>HOODIE POLOS<br>Bahan: FLEECE<br>Size: XL</li><li>Harga jual yang disarankan: Rp 85rb-1115rb</li><li>Harga reseller : 77rb</li><li>Harga Grosir : 73rb/pcs (minim order 6psc, boleh campur dg item lain)</li></ul><p> </p>', 0),
(111, 35, 'BRG00109', 'JP PL 05', 0, 77000, NULL, '<ul><li>Jaminan 100% RealPict<br>HOODIE POLOS<br>Bahan: FLEECE<br>Size: XL</li><li>Harga jual yang disarankan: Rp 85rb-1115rb</li><li>Harga reseller : 77rb</li><li>Harga Grosir : 73rb/pcs (minim order 6psc, boleh campur dg item lain)</li></ul><p> </p>', 0),
(112, 35, 'BRG00110', 'JP PL 06', NULL, 77000, NULL, '<ul><li>Jaminan 100% RealPict<br>HOODIE POLOS<br>Bahan: FLEECE<br>Size: XL</li><li>Harga jual yang disarankan: Rp 85rb-115rb</li><li>Harga reseller : 77rb</li><li>Harga Grosir : 73rb/pcs (minim order 6psc, boleh campur dg item lain)</li></ul><p> </p>', 0),
(113, 35, 'BRG00111', 'JP PL 08', NULL, 77000, NULL, '<ul><li>Jaminan 100% RealPict<br>HOODIE POLOS<br>Bahan: FLEECE<br>Size: XL</li><li>Harga jual yang disarankan: Rp 85rb-115rb</li><li>Harga reseller : 77rb</li><li>Harga Grosir : 73rb/pcs (minim order 6psc, boleh campur dg item lain)</li></ul><p> </p>', 0),
(114, 35, 'BRG00112', 'JP PL 13', 0, 77000, NULL, '<ul><li>Jaminan 100% RealPict<br>HOODIE POLOS<br>Bahan: FLEECE<br>Size: XL</li><li>Harga jual yang disarankan: Rp 85rb-115rb</li><li>Harga reseller : 77rb</li><li>Harga Grosir : 73rb/pcs (minim order 6psc, boleh campur dg item lain)</li></ul><p> </p>', 0),
(115, 35, 'BRG00113', 'JP PL 16', 0, 77000, NULL, '<ul><li>Jaminan 100% RealPict<br>HOODIE POLOS<br>Bahan: FLEECE<br>Size: XL</li><li>Harga jual yang disarankan: Rp 85rb-115rb</li><li>Harga reseller : 77rb</li><li>Harga Grosir : 73rb/pcs (minim order 6psc, boleh campur dg item lain)</li></ul><p> </p>', 0),
(116, 35, 'BRG00114', 'JP PL 01 XXL', NULL, 79000, NULL, '<ul><li>Jaminan 100% RealPict<br>HOODIE POLOS<br>Bahan: FLEECE<br>Size: XXL</li><li>Harga jual yang disarankan: Rp 85rb-115rb</li><li>Harga reseller : 79rb</li><li>Harga Grosir : 75rb/pcs (minim order 6psc, boleh campur dg item lain)</li></ul><p> </p>', 0),
(117, 35, 'BRG00115', 'JP PL 02 XXL', 0, 79000, NULL, '<ul><li>Jaminan 100% RealPict<br>HOODIE POLOS<br>Bahan: FLEECE<br>Size: XXL</li><li>Harga jual yang disarankan: Rp 85rb-115rb</li><li>Harga reseller : 79rb</li><li>Harga Grosir : 75rb/pcs (minim order 6psc, boleh campur dg item lain)</li></ul><p> </p>', 0),
(118, 35, 'BRG00116', 'JP PL 06 XXL', 0, 79000, NULL, '<ul><li>Jaminan 100% RealPict<br>HOODIE POLOS<br>Bahan: FLEECE<br>Size: XXL</li><li>Harga jual yang disarankan: Rp 85rb-115rb</li><li>Harga reseller : 79rb</li><li>Harga Grosir : 75rb/pcs (minim order 6psc, boleh campur dg item lain)</li></ul><p> </p>', 0),
(119, 35, 'BRG00117', 'JP PL 03 XXL', 0, 79000, NULL, '<ul><li>Jaminan 100% RealPict<br>HOODIE POLOS<br>Bahan: FLEECE<br>Size: XXL</li><li>Harga jual yang disarankan: Rp 85rb-115rb</li><li>Harga reseller : 79rb</li><li>Harga Grosir : 75rb/pcs (minim order 6psc, boleh campur dg item lain)</li></ul><p> </p>', 0),
(120, 36, 'BRG00118', 'ZIPPER POLOS 01 XXL', NULL, 79000, NULL, '<ul><li>Jaminan 100% RealPict<br>ZIPPER POLOS<br>Bahan: FLEECE<br>Size: XXL</li><li>Harga jual yang disarankan: Rp 85rb-115rb</li><li>Harga reseller : 79rb</li><li>Harga Grosir : 75rb/pcs (minim order 6psc, boleh campur dg item lain)</li></ul><p> </p>', 0),
(121, 36, 'BRG00119', 'ZIPPER POLOS 02 XXL', 0, 79000, NULL, '<ul><li>Jaminan 100% RealPict<br>ZIPPER POLOS<br>Bahan: FLEECE<br>Size: XXL</li><li>Harga jual yang disarankan: Rp 85rb-115rb</li><li>Harga reseller : 79rb</li><li>Harga Grosir : 75rb/pcs (minim order 6psc, boleh campur dg item lain)</li></ul><p> </p>', 0),
(122, 36, 'BRG00120', 'ZIPPER POLOS 03 XXL', 0, 79000, NULL, '<ul><li>Jaminan 100% RealPict<br>ZIPPER POLOS<br>Bahan: FLEECE<br>Size: XXL</li><li>Harga jual yang disarankan: Rp 85rb-115rb</li><li>Harga reseller : 79rb</li><li>Harga Grosir : 75rb/pcs (minim order 6psc, boleh campur dg item lain)</li></ul><p> </p>', 0),
(123, 1, 'BRG00121', 'ZIPPER POLOS 01 XL', 0, 77000, NULL, '<ul><li>Jaminan 100% RealPict<br>ZIPPER POLOS<br>Bahan: FLEECE<br>Size: XL</li><li>Harga jual yang disarankan: Rp 85rb-115rb</li><li>Harga reseller : 77rb</li><li>Harga Grosir : 73rb/pcs (minim order 6psc, boleh campur dg item lain)</li></ul><p> </p>', 0),
(124, 36, 'BRG00122', 'ZIPPER POLOS 02 XL', 0, 77000, NULL, '<ul><li>Jaminan 100% RealPict<br>ZIPPER POLOS<br>Bahan: FLEECE<br>Size: XL</li><li>Harga jual yang disarankan: Rp 85rb-115rb</li><li>Harga reseller : 77rb</li><li>Harga Grosir : 73rb/pcs (minim order 6psc, boleh campur dg item lain)</li></ul><p> </p>', 0),
(125, 36, 'BRG00123', 'ZIPPER NINJA 01', 0, 73000, NULL, '<ul><li>Jaminan 100% RealPict<br>ZIPPER NINJA<br>Bahan: FLEECE<br>Size: L</li><li>Harga jual yang disarankan: Rp 78rb-115rb</li><li>Harga reseller : 73rb</li></ul><p> </p>', 0),
(126, 24, 'BRG00124', 'HD FRIDAY 04', 0, 82000, NULL, '<ul><li>Jaminan 100% RealPict<br>HOODIE FRIDAY KILLER<br>Bahan: FLEECE PREMIUM (fullbordir, Fulltag)<br>Size: XL</li><li>Harga jual yang disarankan: Rp 90rb-110rb</li><li>Harga reseller : 82rb</li><li>Harga Grosir : 78rb/pcs (minim order 6psc, boleh campur dg item lain)</li></ul><p> </p>', 0),
(127, 28, 'BRG00125', 'HOODIE DICKIES 01', 0, 82000, NULL, '<ul><li>Jaminan 100% RealPict<br>HOODIE DICKIES<br>Bahan: FLEECE PREMIUM (fullbordir, Fulltag)<br>Size: XL</li><li>Harga jual yang disarankan: Rp 90rb-110rb</li><li>Harga reseller : 82rb</li><li>Harga Grosir : 78rb/pcs (minim order 6psc, boleh campur dg item lain)</li></ul><p> </p>', 0),
(128, 28, 'BRG00126', 'HOODIE DICKIES 03', 0, 82000, NULL, '<ul><li>Jaminan 100% RealPict<br>HOODIE DICKIES<br>Bahan: FLEECE PREMIUM (fullbordir, Fulltag)<br>Size: XL</li><li>Harga jual yang disarankan: Rp 90rb-110rb</li><li>Harga reseller : 82rb</li><li>Harga Grosir : 78rb/pcs (minim order 6psc, boleh campur dg item lain)</li></ul><p> </p>', 0),
(129, 28, 'BRG00127', 'HOODIE DICKIES 05', 0, 82000, NULL, '<ul><li>Jaminan 100% RealPict<br>HOODIE DICKIES<br>Bahan: FLEECE PREMIUM (fullbordir, Fulltag)<br>Size: XL</li><li>Harga jual yang disarankan: Rp 90rb-110rb</li><li>Harga reseller : 82rb</li><li>Harga Grosir : 78rb/pcs (minim order 6psc, boleh campur dg item lain)</li></ul><p> </p>', 0),
(130, 14, 'BRG00128', 'HD STUSSY 05', 0, 82000, NULL, '<ul><li>Jaminan 100% RealPict<br>HOODIE STUSSY<br>Bahan: FLEECE PREMIUM (fullbordir, Fulltag)<br>Size: XL</li><li>Harga jual yang disarankan: Rp 90rb-110rb</li><li>Harga reseller : 82rb</li><li>Harga Grosir : 78rb/pcs (minim order 6psc, boleh campur dg item lain)</li></ul><p> </p>', 0),
(131, 14, 'BRG00129', 'HD STUSSY 01', 0, 82000, NULL, '<ul><li>Jaminan 100% RealPict<br>HOODIE STUSSY<br>Bahan: FLEECE PREMIUM (fullbordir, Fulltag)<br>Size: XL</li><li>Harga jual yang disarankan: Rp 90rb-110rb</li><li>Harga reseller : 82rb</li><li>Harga Grosir : 78rb/pcs (minim order 6psc, boleh campur dg item lain)</li></ul><p> </p>', 0),
(132, 37, 'BRG00130', 'HD PULLBEAR LINE 01', 0, 82000, NULL, '<ul><li>Jaminan 100% RealPict<br>HOODIE PULLBEAR <br>Bahan: FLEECE PREMIUM (fullbordir, Fulltag)<br>Size: XL</li><li>Harga jual yang disarankan: Rp 90rb-110rb</li><li>Harga reseller : 82rb</li><li>Harga Grosir : 78rb/pcs (minim order 6psc, boleh campur dg item lain)</li></ul><p> </p>', 0),
(133, 37, 'BRG00131', 'HD PULLBEAR LINE 03', 0, 82000, NULL, '<ul><li>Jaminan 100% RealPict<br>HOODIE PULLBEAR<br>Bahan: FLEECE PREMIUM (fullbordir, Fulltag)<br>Size: XL</li><li>Harga jual yang disarankan: Rp 90rb-110rb</li><li>Harga reseller : 82rb</li><li>Harga Grosir : 78rb/pcs (minim order 6psc, boleh campur dg item lain)</li></ul><p> </p>', 0),
(134, 37, 'BRG00132', 'HD PULLBEAR LINE 04', NULL, 82000, NULL, '<ul><li>Jaminan 100% RealPict<br>HOODIE PULLBEAR<br>Bahan: FLEECE PREMIUM (fullbordir, Fulltag)<br>Size: XL</li><li>Harga jual yang disarankan: Rp 90rb-110rb</li><li>Harga reseller : 82rb</li><li>Harga Grosir : 78rb/pcs (minim order 6psc, boleh campur dg item lain)</li></ul><p> </p>', 0),
(135, 8, 'BRG00133', 'POLOS MISTY 01', 0, 35000, NULL, '<ul><li>Jaminan 100% RealPict<br>KAOS POLOS<br>Bahan: COMBAT 30S<br>Size: XL</li><li>Harga jual yang disarankan: Rp 40rb-65rb</li><li>Harga reseller : 35rb</li><li>Harga Grosir : 33rb/pcs (minim order 6psc, boleh campur dg item lain)</li></ul><p> </p>', 0),
(136, 8, 'BRG00134', 'polos misty 08', 0, 35000, NULL, '<ul><li>Jaminan 100% RealPict<br>KAOS POLOS<br>Bahan: COMBAT 30S<br>Size: XL</li><li>Harga jual yang disarankan: Rp 40rb-65rb</li><li>Harga reseller : 35rb</li><li>Harga Grosir : 33rb/pcs (minim order 6psc, boleh campur dg item lain)</li></ul><p> </p>', 0),
(137, 8, 'BRG00135', 'POLOS MISTY 02', 0, 35000, NULL, '<ul><li>Jaminan 100% RealPict<br>KAOS POLOS<br>Bahan: COMBAT 30S<br>Size: XL,L</li><li>Harga jual yang disarankan: Rp 40rb-65rb</li><li>Harga reseller : 35rb</li><li>Harga Grosir : 33rb/pcs (minim order 6psc, boleh campur dg item lain)</li></ul><p> </p>', 0),
(138, 8, 'BRG00136', 'POLOS 16', 0, 35000, NULL, '<ul><li>Jaminan 100% RealPict<br>KAOS POLOS<br>Bahan: COMBAT 30S<br>Size: L, XL</li><li>Harga jual yang disarankan: Rp 40rb-65rb</li><li>Harga reseller : 35rb</li><li>Harga Grosir : 33rb/pcs (minim order 6psc, boleh campur dg item lain)</li></ul><p> </p>', 0),
(139, 8, 'BRG00137', 'POLOS MISTY 04', 0, 35000, NULL, '<ul><li>Jaminan 100% RealPict<br>KAOS POLOS<br>Bahan: COMBAT 30S<br>Size: L, XL</li><li>Harga jual yang disarankan: Rp 40rb-65rb</li><li>Harga reseller : 35rb</li><li>Harga Grosir : 33rb/pcs (minim order 6psc, boleh campur dg item lain)</li></ul><p> </p>', 0),
(140, 8, 'BRG00138', 'POLOS 01', 0, 35000, NULL, '<ul><li>Jaminan 100% RealPict<br>KAOS POLOS<br>Bahan: COMBAT 30S<br>Size: L, XL</li><li>Harga jual yang disarankan: Rp 40rb-65rb</li><li>Harga reseller : 35rb</li><li>Harga Grosir : 33rb/pcs (minim order 6psc, boleh campur dg item lain)</li></ul><p> </p>', 0),
(141, 8, 'BRG00139', 'POLOS MISTY 05', 0, 35000, NULL, '<ul><li>Jaminan 100% RealPict<br>KAOS POLOS<br>Bahan: COMBAT 30S<br>Size: L, XL</li><li>Harga jual yang disarankan: Rp 40rb-65rb</li><li>Harga reseller : 35rb</li><li>Harga Grosir : 33rb/pcs (minim order 6psc, boleh campur dg item lain)</li></ul><p> </p>', 0),
(142, 8, 'BRG00140', 'POLOS 03', 0, 35000, NULL, '<ul><li>Jaminan 100% RealPict<br>KAOS POLOS<br>Bahan: COMBAT 30S<br>Size: L, XL</li><li>Harga jual yang disarankan: Rp 40rb-65rb</li><li>Harga reseller : 35rb</li><li>Harga Grosir : 33rb/pcs (minim order 6psc, boleh campur dg item lain)</li></ul><p> </p>', 0),
(143, 8, 'BRG00141', 'POLOS MISTY 06', NULL, 35000, NULL, '<ul><li>Jaminan 100% RealPict<br>KAOS POLOS<br>Bahan: COMBAT 30S<br>Size: L, XL</li><li>Harga jual yang disarankan: Rp 40rb-65rb</li><li>Harga reseller : 35rb</li><li>Harga Grosir : 33rb/pcs (minim order 6psc, boleh campur dg item lain)</li></ul><p> </p>', 0),
(144, 39, 'BRG00142', 'HOODIE OFFWHITE GALAXY 05', 0, 82000, NULL, '<ul><li>Jaminan 100% RealPict<br>HOODIE OFFWHITE<br>Bahan: FLEECE PREMIUM (fullprint, Fulltag)<br>Size: XL</li><li>Harga jual yang disarankan: Rp 90rb-110rb</li><li>Harga reseller : 82rb</li><li>Harga Grosir : 78rb/pcs (minim order 6psc, boleh campur dg item lain)</li></ul><p> </p>', 0),
(145, 40, 'BRG00143', 'ZH 41', 0, 50000, NULL, '<ul><li>Jaminan 100% RealPict<br>KAOS POLOS<br>Bahan: COMBAT 30S<br>Size: L, XL</li><li>Harga jual yang disarankan: Rp 55rb-80rb</li><li>Harga reseller : 50rb</li><li>Harga Grosir : 48rb/pcs (minim order 6psc, boleh campur dg item lain)</li></ul><p> </p>', 0),
(146, 40, 'BRG00144', 'AHHA 43', NULL, 50000, NULL, '<ul><li>Jaminan 100% RealPict<br>KAOS FULLPRINT <br>Bahan: COMBAT 30S<br>Size: L, XL</li><li>Harga jual yang disarankan: Rp 55rb-80rb</li><li>Harga reseller : 50rb</li><li>Harga Grosir : 48rb/pcs (minim order 6psc, boleh campur dg item lain)</li></ul><p> </p>', 0),
(147, 40, 'BRG00145', 'AHHA 42', NULL, 50000, NULL, '<ul><li>Jaminan 100% RealPict<br>KAOS FULLPRINT <br>Bahan: COMBAT 30S<br>Size: L, XL</li><li>Harga jual yang disarankan: Rp 55rb-80rb</li><li>Harga reseller : 50rb</li><li>Harga Grosir : 48rb/pcs (minim order 6psc, boleh campur dg item lain)</li></ul><p> </p>', 0),
(148, 40, 'BRG00146', 'GL 41', 0, 50000, NULL, '<ul><li>Jaminan 100% RealPict<br>KAOS FULLPRINT <br>Bahan: COMBAT 30S<br>Size: L, XL</li><li>Harga jual yang disarankan: Rp 55rb-80rb</li><li>Harga reseller : 50rb</li><li>Harga Grosir : 48rb/pcs (minim order 6psc, boleh campur dg item lain)</li></ul><p> </p>', 0),
(149, 40, 'BRG00147', 'ZH 42', NULL, 50000, NULL, '<ul><li>Jaminan 100% RealPict<br>KAOS FULLPRINT <br>Bahan: COMBAT 30S<br>Size: L, XL</li><li>Harga jual yang disarankan: Rp 55rb-80rb</li><li>Harga reseller : 50rb</li><li>Harga Grosir : 48rb/pcs (minim order 6psc, boleh campur dg item lain)</li></ul><p> </p>', 0),
(150, 40, 'BRG00148', '3SCO 41', NULL, 50000, NULL, '<ul><li>Jaminan 100% RealPict<br>KAOS FULLPRINT <br>Bahan: COMBAT 30S<br>Size: L, XL</li><li>Harga jual yang disarankan: Rp 55rb-80rb</li><li>Harga reseller : 50rb</li><li>Harga Grosir : 48rb/pcs (minim order 6psc, boleh campur dg item lain)</li></ul><p> </p>', 0),
(151, 40, 'BRG00149', 'GL 42', 0, 50000, NULL, '<ul><li>Jaminan 100% RealPict<br>KAOS FULLPRINT <br>Bahan: COMBAT 30S<br>Size: L, XL</li><li>Harga jual yang disarankan: Rp 55rb-80rb</li><li>Harga reseller : 50rb</li><li>Harga Grosir : 48rb/pcs (minim order 6psc, boleh campur dg item lain)</li></ul><p> </p>', 0),
(152, 40, 'BRG00150', 'AHHA 41', 0, 50000, NULL, '<ul><li>Jaminan 100% RealPict<br>KAOS FULLPRINT <br>Bahan: COMBAT 30S<br>Size: L, XL</li><li>Harga jual yang disarankan: Rp 55rb-80rb</li><li>Harga reseller : 50rb</li><li>Harga Grosir : 48rb/pcs (minim order 6psc, boleh campur dg item lain)</li></ul><p> </p>', 0),
(153, 40, 'BRG00151', 'BRK 41', 0, 50000, NULL, '<ul><li>Jaminan 100% RealPict<br>KAOS FULLPRINT <br>Bahan: COMBAT 30S<br>Size: L, XL</li><li>Harga jual yang disarankan: Rp 55rb-80rb</li><li>Harga reseller : 50rb</li><li>Harga Grosir : 48rb/pcs (minim order 6psc, boleh campur dg item lain)</li></ul><p> </p>', 0),
(154, 40, 'BRG00152', 'FK 41', 0, 50000, NULL, '<ul><li>Jaminan 100% RealPict<br>KAOS FULLPRINT <br>Bahan: COMBAT 30S<br>Size: L, XL</li><li>Harga jual yang disarankan: Rp 55rb-80rb</li><li>Harga reseller : 50rb</li><li>Harga Grosir : 48rb/pcs (minim order 6psc, boleh campur dg item lain)</li></ul><p> </p>', 0),
(155, 40, 'BRG00153', 'SP 41', 0, 50000, NULL, '<ul><li>Jaminan 100% RealPict<br>KAOS FULLPRINT <br>Bahan: COMBAT 30S<br>Size: L, XL</li><li>Harga jual yang disarankan: Rp 55rb-80rb</li><li>Harga reseller : 50rb</li><li>Harga Grosir : 48rb/pcs (minim order 6psc, boleh campur dg item lain)</li></ul><p> </p>', 0),
(156, 40, 'BRG00154', 'GL 42', 0, 50000, NULL, '<ul><li>Jaminan 100% RealPict<br>KAOS FULLPRINT <br>Bahan: COMBAT 30S<br>Size: L, XL</li><li>Harga jual yang disarankan: Rp 55rb-80rb</li><li>Harga reseller : 50rb</li><li>Harga Grosir : 48rb/pcs (minim order 6psc, boleh campur dg item lain)</li></ul><p> </p>', 0),
(157, 40, 'BRG00155', 'FK 42', 0, 50000, NULL, '<ul><li>Jaminan 100% RealPict<br>KAOS FULLPRINT <br>Bahan: COMBAT 30S<br>Size: L, XL</li><li>Harga jual yang disarankan: Rp 55rb-80rb</li><li>Harga reseller : 50rb</li><li>Harga Grosir : 48rb/pcs (minim order 6psc, boleh campur dg item lain)</li></ul><p> </p>', 0),
(158, 40, 'BRG00156', 'SKYMO 41', 0, 50000, NULL, '<ul><li>Jaminan 100% RealPict<br>KAOS FULLPRINT <br>Bahan: COMBAT 30S<br>Size: L, XL</li><li>Harga jual yang disarankan: Rp 55rb-80rb</li><li>Harga reseller : 50rb</li><li>Harga Grosir : 48rb/pcs (minim order 6psc, boleh campur dg item lain)</li></ul><p> </p>', 0),
(159, 40, 'BRG00157', 'HUR 41', NULL, 50000, NULL, '<ul><li>Jaminan 100% RealPict<br>KAOS FULLPRINT <br>Bahan: COMBAT 30S<br>Size: L, XL</li><li>Harga jual yang disarankan: Rp 55rb-80rb</li><li>Harga reseller : 50rb</li><li>Harga Grosir : 48rb/pcs (minim order 6psc, boleh campur dg item lain)</li></ul><p> </p>', 0),
(160, 44, 'BRG00158', 'SHORTPANTS 37', 0, 55000, NULL, '<ul><li>Jaminan 100% RealPict<br>CELANA FULLPRINT <br>Bahan: TWILL PRINTING<br>Size:27-32</li><li>Harga jual yang disarankan: Rp 60rb-80rb</li><li>Harga reseller : 55rb</li><li>Harga Grosir : 51rb/pcs (minim order 6psc, boleh campur dg item lain)</li></ul><p> </p>', 0),
(161, 44, 'BRG00159', 'SHORTPANTS 38', 0, 55000, NULL, '<ul><li>Jaminan 100% RealPict<br>CELANA FULLPRINT <br>Bahan: TWILL PRINTING<br>Size:27-32</li><li>Harga jual yang disarankan: Rp 60rb-80rb</li><li>Harga reseller : 55rb</li><li>Harga Grosir : 51rb/pcs (minim order 6psc, boleh campur dg item lain)</li></ul><p> </p>', 0),
(162, 44, 'BRG00160', 'SHORTPANTS 39', NULL, 55000, NULL, '<ul><li>Jaminan 100% RealPict<br>CELANA FULLPRINT <br>Bahan: TWILL PRINTING<br>Size:27-32</li><li>Harga jual yang disarankan: Rp 60rb-80rb</li><li>Harga reseller : 55rb</li><li>Harga Grosir : 51rb/pcs (minim order 6psc, boleh campur dg item lain)</li></ul><p> </p>', 0),
(163, 44, 'BRG00161', 'SHORTPANTS 40', 0, 55000, NULL, '<ul><li>Jaminan 100% RealPict<br>CELANA FULLPRINT <br>Bahan: TWILL PRINTING<br>Size:27-32</li><li>Harga jual yang disarankan: Rp 60rb-80rb</li><li>Harga reseller : 55rb</li><li>Harga Grosir : 51rb/pcs (minim order 6psc, boleh campur dg item lain)</li></ul><p> </p>', 0),
(164, 41, 'BRG00162', 'CHINOS PANJANG 01', 0, 73000, NULL, '<ul><li>Jaminan 100% RealPict<br>CELANA POLOS PANJANG<br>Bahan: TWILL STRETCH<br>Size:27-32</li><li>Harga jual yang disarankan: Rp 80rb-110rb</li><li>Harga reseller : 73rb</li></ul><p> </p>', 0),
(165, 41, 'BRG00163', 'CHINOS PANJANG 06 B', 0, 73000, NULL, '<ul><li>Jaminan 100% RealPict<br>CELANA POLOS PANJANG<br>Bahan: TWILL STRETCH<br>Size:27-32</li><li>Harga jual yang disarankan: Rp 80rb-110rb</li><li>Harga reseller : 73rb</li></ul><p> </p>', 0),
(166, 41, 'BRG00164', 'CHINOS PANJANG 06C', 0, 73000, NULL, '<ul><li>Jaminan 100% RealPict<br>CELANA POLOS PANJANG<br>Bahan: TWILL STRETCH<br>Size:27-32</li><li>Harga jual yang disarankan: Rp 80rb-110rb</li><li>Harga reseller : 73rb</li></ul><p> </p>', 0),
(167, 41, 'BRG00165', 'CHINOS PANJANG 15', 0, 73000, NULL, '<ul><li>Jaminan 100% RealPict<br>CELANA POLOS PANJANG<br>Bahan: TWILL STRETCH<br>Size:27-32</li><li>Harga jual yang disarankan: Rp 80rb-110rb</li><li>Harga reseller : 73rb</li></ul><p> </p>', 0),
(168, 41, 'BRG00166', 'CHINOS PANJANG 13', 0, 73000, NULL, '<ul><li>Jaminan 100% RealPict<br>CELANA POLOS PANJANG<br>Bahan: TWILL STRETCH<br>Size:27-32</li><li>Harga jual yang disarankan: Rp 80rb-110rb</li><li>Harga reseller : 73rb</li></ul><p> </p>', 0),
(169, 39, 'BRG00167', 'OFFWHITE 01', 0, 82000, NULL, '<ul><li>Jaminan 100% RealPict<br>HOODIE OFFWHITE<br>Bahan: FLEECE PREMIUM (fullprint, Fulltag)<br>Size: XL</li><li>Harga jual yang disarankan: Rp 90rb-110rb</li><li>Harga reseller : 82rb</li><li>Harga Grosir : 78rb/pcs (minim order 6psc, boleh campur dg item lain)</li></ul><p> </p>', 0),
(170, 39, 'BRG00168', 'OFFWHITE 04', 0, 82000, NULL, '<ul><li>Jaminan 100% RealPict<br>HOODIE OFFWHITE<br>Bahan: FLEECE PREMIUM (fullprint, Fulltag)<br>Size: XL</li><li>Harga jual yang disarankan: Rp 90rb-110rb</li><li>Harga reseller : 82rb</li><li>Harga Grosir : 78rb/pcs (minim order 6psc, boleh campur dg item lain)</li></ul><p> </p>', 0),
(171, 39, 'BRG00169', 'OFFWHITE 05', 0, 82000, NULL, '<ul><li>Jaminan 100% RealPict<br>HOODIE OFFWHITE<br>Bahan: FLEECE PREMIUM (fullprint, Fulltag)<br>Size: XL</li><li>Harga jual yang disarankan: Rp 90rb-110rb</li><li>Harga reseller : 82rb</li><li>Harga Grosir : 78rb/pcs (minim order 6psc, boleh campur dg item lain)</li></ul><p> </p>', 0);

-- --------------------------------------------------------

--
-- Struktur dari tabel `tb_stokawals`
--

CREATE TABLE `tb_stokawals` (
  `id` int(11) NOT NULL,
  `idbarang` int(11) DEFAULT NULL,
  `idwarna` int(11) DEFAULT NULL,
  `kode_barang` varchar(100) DEFAULT NULL,
  `barang` varchar(100) DEFAULT NULL,
  `jumlah` int(11) DEFAULT NULL,
  `tgl` varchar(100) DEFAULT NULL
) ENGINE=InnoDB DEFAULT CHARSET=latin1;

-- --------------------------------------------------------

--
-- Struktur dari tabel `tb_tambahstoks`
--

CREATE TABLE `tb_tambahstoks` (
  `id` int(11) NOT NULL,
  `idwarna` int(11) DEFAULT NULL,
  `idadmin` int(11) DEFAULT NULL,
  `kode_barang` varchar(150) DEFAULT NULL,
  `jumlah` int(11) DEFAULT NULL,
  `total` int(11) DEFAULT NULL,
  `tgl` date DEFAULT NULL,
  `keterangan` varchar(100) DEFAULT NULL,
  `aksi` varchar(10) DEFAULT NULL
) ENGINE=InnoDB DEFAULT CHARSET=latin1;

--
-- Dumping data untuk tabel `tb_tambahstoks`
--

INSERT INTO `tb_tambahstoks` (`id`, `idwarna`, `idadmin`, `kode_barang`, `jumlah`, `total`, `tgl`, `keterangan`, `aksi`) VALUES
(1, 1, 16, 'BRG00001', 4, 0, '2019-03-03', 'menambah pertama kali', 'tambah'),
(2, 2, 16, 'BRG00001', 4, 0, '2019-03-03', 'menambah pertama kali', 'tambah'),
(3, 3, 16, 'BRG00001', 4, 0, '2019-03-03', 'menambah pertama kali', 'tambah'),
(4, 4, 16, 'BRG00002', 12, 876, '2019-03-03', 'menambah pertama kali', 'tambah'),
(5, 5, 16, 'BRG00003', 24, 0, '2019-03-03', 'menambah pertama kali', 'tambah'),
(6, 6, 16, 'BRG00004', 24, 0, '2019-03-03', 'menambah pertama kali', 'tambah'),
(7, 7, 16, 'BRG00004', 24, 0, '2019-03-03', 'menambah pertama kali', 'tambah'),
(8, 8, 16, 'BRG00005', 24, 0, '2019-03-04', 'menambah pertama kali', 'tambah'),
(9, 9, 16, 'BRG00005', 24, 0, '2019-03-04', 'menambah pertama kali', 'tambah'),
(10, 10, 17, 'BRG00006', 3, 0, '2019-03-04', 'menambah pertama kali', 'tambah'),
(11, 11, 17, 'BRG00006', 3, 0, '2019-03-04', 'menambah pertama kali', 'tambah'),
(12, 12, 17, 'BRG00006', 3, 0, '2019-03-04', 'menambah pertama kali', 'tambah'),
(13, 13, 17, 'BRG00007', 0, 0, '2019-03-04', 'menambah pertama kali', 'tambah'),
(14, 14, 17, 'BRG00007', 4, 0, '2019-03-04', 'menambah pertama kali', 'tambah'),
(15, 15, 17, 'BRG00008', 4, 0, '2019-03-04', 'menambah pertama kali', 'tambah'),
(16, 16, 17, 'BRG00008', 5, 0, '2019-03-04', 'menambah pertama kali', 'tambah'),
(17, 17, 17, 'BRG00008', 6, 0, '2019-03-04', 'menambah pertama kali', 'tambah'),
(18, 18, 17, 'BRG00008', 5, 0, '2019-03-04', 'menambah pertama kali', 'tambah'),
(19, 19, 17, 'BRG00008', 4, 0, '2019-03-04', 'menambah pertama kali', 'tambah'),
(20, 20, 17, 'BRG00008', 3, 0, '2019-03-04', 'menambah pertama kali', 'tambah'),
(21, 21, 17, 'BRG00009', 3, 0, '2019-03-04', 'menambah pertama kali', 'tambah'),
(22, 22, 17, 'BRG00009', 4, 0, '2019-03-04', 'menambah pertama kali', 'tambah'),
(23, 23, 17, 'BRG00009', 4, 0, '2019-03-04', 'menambah pertama kali', 'tambah'),
(24, 24, 17, 'BRG00009', 5, 0, '2019-03-04', 'menambah pertama kali', 'tambah'),
(25, 25, 17, 'BRG00009', 4, 0, '2019-03-04', 'menambah pertama kali', 'tambah'),
(26, 26, 17, 'BRG00009', 3, 0, '2019-03-04', 'menambah pertama kali', 'tambah'),
(27, 27, 17, 'BRG00010', 12, 0, '2019-03-04', 'menambah pertama kali', 'tambah'),
(28, 28, 17, 'BRG00011', 12, 0, '2019-03-05', 'menambah pertama kali', 'tambah'),
(29, 29, 17, 'BRG00012', 12, 0, '2019-03-05', 'menambah pertama kali', 'tambah'),
(30, 30, 17, 'BRG00013', 12, 0, '2019-03-05', 'menambah pertama kali', 'tambah'),
(31, 31, 17, 'BRG00014', 3, 0, '2019-03-05', 'menambah pertama kali', 'tambah'),
(32, 32, 17, 'BRG00015', 8, 0, '2019-03-05', 'menambah pertama kali', 'tambah'),
(33, 33, 17, 'BRG00016', 12, 0, '2019-03-05', 'menambah pertama kali', 'tambah'),
(34, 34, 17, 'BRG00017', 24, 0, '2019-03-05', 'menambah pertama kali', 'tambah'),
(35, 35, 17, 'BRG00018', 24, 0, '2019-03-05', 'menambah pertama kali', 'tambah'),
(36, 36, 17, 'BRG00019', 8, 0, '2019-03-05', 'menambah pertama kali', 'tambah'),
(37, 37, 17, 'BRG00020', 12, 0, '2019-03-05', 'menambah pertama kali', 'tambah'),
(38, 38, 17, 'BRG00021', 12, 0, '2019-03-05', 'menambah pertama kali', 'tambah'),
(39, 39, 17, 'BRG00022', 12, 0, '2019-03-09', 'menambah pertama kali', 'tambah'),
(40, 40, 17, 'BRG00022', 12, 0, '2019-03-09', 'menambah pertama kali', 'tambah'),
(41, 41, 17, 'BRG00023', 12, 0, '2019-03-10', 'menambah pertama kali', 'tambah'),
(42, 42, 17, 'BRG00023', 12, 0, '2019-03-10', 'menambah pertama kali', 'tambah'),
(43, 43, 17, 'BRG00024', 12, 0, '2019-03-10', 'menambah pertama kali', 'tambah'),
(44, 44, 17, 'BRG00024', 12, 0, '2019-03-10', 'menambah pertama kali', 'tambah'),
(45, 45, 17, 'BRG00025', 12, 0, '2019-03-10', 'menambah pertama kali', 'tambah'),
(46, 46, 17, 'BRG00025', 12, 0, '2019-03-10', 'menambah pertama kali', 'tambah'),
(47, 47, 17, 'BRG00026', 12, 0, '2019-03-10', 'menambah pertama kali', 'tambah'),
(48, 48, 17, 'BRG00026', 12, 0, '2019-03-10', 'menambah pertama kali', 'tambah'),
(49, 49, 17, 'BRG00027', 12, 0, '2019-03-10', 'menambah pertama kali', 'tambah'),
(50, 50, 17, 'BRG00027', 12, 0, '2019-03-10', 'menambah pertama kali', 'tambah'),
(51, 51, 17, 'BRG00028', 12, 0, '2019-03-10', 'menambah pertama kali', 'tambah'),
(52, 52, 17, 'BRG00028', 12, 0, '2019-03-10', 'menambah pertama kali', 'tambah'),
(53, 53, 17, 'BRG00029', 12, 0, '2019-03-10', 'menambah pertama kali', 'tambah'),
(54, 54, 17, 'BRG00029', 12, 0, '2019-03-10', 'menambah pertama kali', 'tambah'),
(55, 55, 17, 'BRG00030', 12, 0, '2019-03-10', 'menambah pertama kali', 'tambah'),
(56, 56, 17, 'BRG00030', 12, 0, '2019-03-10', 'menambah pertama kali', 'tambah'),
(57, 57, 17, 'BRG00031', 12, 0, '2019-03-10', 'menambah pertama kali', 'tambah'),
(58, 58, 17, 'BRG00031', 12, 0, '2019-03-10', 'menambah pertama kali', 'tambah'),
(59, 59, 17, 'BRG00032', 12, 0, '2019-03-10', 'menambah pertama kali', 'tambah'),
(60, 60, 17, 'BRG00032', 12, 0, '2019-03-10', 'menambah pertama kali', 'tambah'),
(61, 61, 17, 'BRG00033', 12, 0, '2019-03-10', 'menambah pertama kali', 'tambah'),
(62, 62, 17, 'BRG00033', 12, 0, '2019-03-10', 'menambah pertama kali', 'tambah'),
(63, 63, 17, 'BRG00034', 12, 0, '2019-03-10', 'menambah pertama kali', 'tambah'),
(64, 64, 17, 'BRG00034', 12, 0, '2019-03-10', 'menambah pertama kali', 'tambah'),
(65, 65, 17, 'BRG00035', 12, 0, '2019-03-10', 'menambah pertama kali', 'tambah'),
(66, 66, 17, 'BRG00035', 12, 0, '2019-03-10', 'menambah pertama kali', 'tambah'),
(67, 67, 17, 'BRG00035', 12, 0, '2019-03-10', 'menambah pertama kali', 'tambah'),
(68, 68, 17, 'BRG00035', 12, 0, '2019-03-10', 'menambah pertama kali', 'tambah'),
(69, 69, 17, 'BRG00036', 12, 0, '2019-03-10', 'menambah pertama kali', 'tambah'),
(70, 70, 17, 'BRG00036', 12, 0, '2019-03-10', 'menambah pertama kali', 'tambah'),
(71, 71, 17, 'BRG00037', 12, 0, '2019-03-10', 'menambah pertama kali', 'tambah'),
(72, 72, 17, 'BRG00037', 12, 0, '2019-03-10', 'menambah pertama kali', 'tambah'),
(73, 73, 17, 'BRG00038', 12, 0, '2019-03-10', 'menambah pertama kali', 'tambah'),
(74, 74, 17, 'BRG00039', 12, 0, '2019-03-10', 'menambah pertama kali', 'tambah'),
(75, 75, 17, 'BRG00040', 12, 0, '2019-03-10', 'menambah pertama kali', 'tambah'),
(76, 76, 17, 'BRG00041', 12, 0, '2019-03-10', 'menambah pertama kali', 'tambah'),
(77, 77, 17, 'BRG00042', 12, 0, '2019-03-10', 'menambah pertama kali', 'tambah'),
(78, 78, 17, 'BRG00043', 12, 0, '2019-03-10', 'menambah pertama kali', 'tambah'),
(79, 79, 17, 'BRG00044', 3, 0, '2019-03-10', 'menambah pertama kali', 'tambah'),
(80, 80, 17, 'BRG00045', 8, 0, '2019-03-10', 'menambah pertama kali', 'tambah'),
(81, 81, 17, 'BRG00046', 8, 0, '2019-03-10', 'menambah pertama kali', 'tambah'),
(82, 82, 17, 'BRG00047', 3, 0, '2019-03-10', 'menambah pertama kali', 'tambah'),
(83, 83, 17, 'BRG00048', 1, 0, '2019-03-10', 'menambah pertama kali', 'tambah'),
(84, 84, 17, 'BRG00049', 3, 0, '2019-03-10', 'menambah pertama kali', 'tambah'),
(85, 85, 17, 'BRG00050', 1, 0, '2019-03-10', 'menambah pertama kali', 'tambah'),
(86, 86, 17, 'BRG00051', 12, 0, '2019-03-10', 'menambah pertama kali', 'tambah'),
(87, 87, 17, 'BRG00052', 8, 0, '2019-03-10', 'menambah pertama kali', 'tambah'),
(88, 88, 17, 'BRG00053', 3, 0, '2019-03-10', 'menambah pertama kali', 'tambah'),
(89, 89, 17, 'BRG00054', 12, 0, '2019-03-11', 'menambah pertama kali', 'tambah'),
(90, 90, 17, 'BRG00055', 12, 0, '2019-03-11', 'menambah pertama kali', 'tambah'),
(91, 91, 17, 'BRG00056', 4, 0, '2019-03-11', 'menambah pertama kali', 'tambah'),
(92, 92, 17, 'BRG00057', 12, 0, '2019-03-11', 'menambah pertama kali', 'tambah'),
(93, 93, 17, 'BRG00058', 12, 0, '2019-03-11', 'menambah pertama kali', 'tambah'),
(94, 94, 17, 'BRG00059', 12, 0, '2019-03-11', 'menambah pertama kali', 'tambah'),
(95, 95, 17, 'BRG00060', 12, 0, '2019-03-11', 'menambah pertama kali', 'tambah'),
(96, 96, 17, 'BRG00061', 12, 0, '2019-03-11', 'menambah pertama kali', 'tambah'),
(97, 97, 17, 'BRG00062', 12, 0, '2019-03-11', 'menambah pertama kali', 'tambah'),
(98, 98, 17, 'BRG00063', 12, 0, '2019-03-11', 'menambah pertama kali', 'tambah'),
(99, 99, 17, 'BRG00064', 12, 0, '2019-03-11', 'menambah pertama kali', 'tambah'),
(100, 100, 17, 'BRG00065', 12, 0, '2019-03-11', 'menambah pertama kali', 'tambah'),
(101, 101, 17, 'BRG00066', 12, 0, '2019-03-11', 'menambah pertama kali', 'tambah'),
(102, 102, 17, 'BRG00067', 12, 0, '2019-03-11', 'menambah pertama kali', 'tambah'),
(103, 103, 17, 'BRG00068', 12, 0, '2019-03-11', 'menambah pertama kali', 'tambah'),
(104, 104, 17, 'BRG00069', 12, 0, '2019-03-11', 'menambah pertama kali', 'tambah'),
(105, 105, 17, 'BRG00070', 12, 0, '2019-03-11', 'menambah pertama kali', 'tambah'),
(106, 106, 17, 'BRG00071', 8, 0, '2019-03-11', 'menambah pertama kali', 'tambah'),
(107, 107, 17, 'BRG00071', 8, 0, '2019-03-11', 'menambah pertama kali', 'tambah'),
(108, 108, 17, 'BRG00072', 12, 0, '2019-03-11', 'menambah pertama kali', 'tambah'),
(109, 109, 17, 'BRG00073', 12, 0, '2019-03-11', 'menambah pertama kali', 'tambah'),
(110, 110, 17, 'BRG00074', 12, 0, '2019-03-11', 'menambah pertama kali', 'tambah'),
(111, 111, 17, 'BRG00075', 12, 0, '2019-03-11', 'menambah pertama kali', 'tambah'),
(112, 112, 17, 'BRG00076', 8, 0, '2019-03-11', 'menambah pertama kali', 'tambah'),
(113, 113, 17, 'BRG00077', 4, 0, '2019-03-11', 'menambah pertama kali', 'tambah'),
(114, 114, 17, 'BRG00078', 3, 0, '2019-03-11', 'menambah pertama kali', 'tambah'),
(115, 115, 17, 'BRG00079', 4, 0, '2019-03-11', 'menambah pertama kali', 'tambah'),
(116, 116, 17, 'BRG00080', 8, 0, '2019-03-11', 'menambah pertama kali', 'tambah'),
(117, 117, 17, 'BRG00081', 12, 0, '2019-03-11', 'menambah pertama kali', 'tambah'),
(118, 118, 17, 'BRG00082', 12, 0, '2019-03-11', 'menambah pertama kali', 'tambah'),
(119, 119, 17, 'BRG00082', 12, 0, '2019-03-11', 'menambah pertama kali', 'tambah'),
(120, 120, 17, 'BRG00083', 12, 0, '2019-03-11', 'menambah pertama kali', 'tambah'),
(121, 121, 17, 'BRG00083', 12, 0, '2019-03-11', 'menambah pertama kali', 'tambah'),
(122, 122, 17, 'BRG00084', 12, 0, '2019-03-11', 'menambah pertama kali', 'tambah'),
(123, 123, 17, 'BRG00084', 12, 0, '2019-03-11', 'menambah pertama kali', 'tambah'),
(124, 124, 17, 'BRG00085', 12, 0, '2019-03-11', 'menambah pertama kali', 'tambah'),
(125, 125, 17, 'BRG00086', 12, 0, '2019-03-11', 'menambah pertama kali', 'tambah'),
(126, 126, 17, 'BRG00087', 8, 0, '2019-03-11', 'menambah pertama kali', 'tambah'),
(127, 127, 17, 'BRG00087', 12, 0, '2019-03-11', 'menambah pertama kali', 'tambah'),
(128, 128, 17, 'BRG00088', 12, 0, '2019-03-11', 'menambah pertama kali', 'tambah'),
(129, 129, 17, 'BRG00088', 8, 0, '2019-03-11', 'menambah pertama kali', 'tambah'),
(130, 130, 17, 'BRG00089', 3, 0, '2019-03-11', 'menambah pertama kali', 'tambah'),
(131, 131, 17, 'BRG00089', 12, 0, '2019-03-11', 'menambah pertama kali', 'tambah'),
(132, 132, 17, 'BRG00090', 12, 0, '2019-03-12', 'menambah pertama kali', 'tambah'),
(133, 133, 17, 'BRG00090', 12, 0, '2019-03-12', 'menambah pertama kali', 'tambah'),
(134, 134, 17, 'BRG00091', 12, 0, '2019-03-12', 'menambah pertama kali', 'tambah'),
(135, 135, 17, 'BRG00091', 12, 0, '2019-03-12', 'menambah pertama kali', 'tambah'),
(136, 136, 17, 'BRG00092', 12, 0, '2019-03-12', 'menambah pertama kali', 'tambah'),
(137, 137, 17, 'BRG00092', 12, 0, '2019-03-12', 'menambah pertama kali', 'tambah'),
(138, 138, 17, 'BRG00093', 12, 0, '2019-03-12', 'menambah pertama kali', 'tambah'),
(139, 139, 17, 'BRG00093', 12, 0, '2019-03-12', 'menambah pertama kali', 'tambah'),
(140, 140, 17, 'BRG00094', 12, 0, '2019-03-12', 'menambah pertama kali', 'tambah'),
(141, 141, 17, 'BRG00095', 12, 0, '2019-03-12', 'menambah pertama kali', 'tambah'),
(142, 142, 17, 'BRG00096', 12, 0, '2019-03-12', 'menambah pertama kali', 'tambah'),
(143, 143, 17, 'BRG00097', 12, 0, '2019-03-13', 'menambah pertama kali', 'tambah'),
(144, 144, 17, 'BRG00098', 12, 0, '2019-03-13', 'menambah pertama kali', 'tambah'),
(145, 145, 17, 'BRG00099', 12, 0, '2019-03-13', 'menambah pertama kali', 'tambah'),
(146, 146, 17, 'BRG00100', 12, 0, '2019-03-13', 'menambah pertama kali', 'tambah'),
(147, 147, 17, 'BRG00101', 12, 0, '2019-03-13', 'menambah pertama kali', 'tambah'),
(148, 148, 17, 'BRG00102', 12, 0, '2019-03-13', 'menambah pertama kali', 'tambah'),
(149, 149, 17, 'BRG00103', 12, 0, '2019-03-13', 'menambah pertama kali', 'tambah'),
(150, 150, 17, 'BRG00104', 3, 0, '2019-03-13', 'menambah pertama kali', 'tambah'),
(151, 151, 17, 'BRG00104', 12, 0, '2019-03-13', 'menambah pertama kali', 'tambah'),
(152, 152, 17, 'BRG00105', 24, 0, '2019-03-13', 'menambah pertama kali', 'tambah'),
(153, 153, 17, 'BRG00106', 24, 0, '2019-03-13', 'menambah pertama kali', 'tambah'),
(154, 154, 17, 'BRG00107', 24, 0, '2019-03-13', 'menambah pertama kali', 'tambah'),
(155, 155, 17, 'BRG00108', 24, 0, '2019-03-13', 'menambah pertama kali', 'tambah'),
(156, 156, 17, 'BRG00109', 24, 0, '2019-03-13', 'menambah pertama kali', 'tambah'),
(157, 157, 17, 'BRG00110', 24, 0, '2019-03-13', 'menambah pertama kali', 'tambah'),
(158, 158, 17, 'BRG00111', 0, 0, '2019-03-13', 'menambah pertama kali', 'tambah'),
(159, 159, 17, 'BRG00112', 24, 0, '2019-03-13', 'menambah pertama kali', 'tambah'),
(160, 160, 17, 'BRG00113', 24, 0, '2019-03-13', 'menambah pertama kali', 'tambah'),
(161, 161, 17, 'BRG00114', 24, 0, '2019-03-13', 'menambah pertama kali', 'tambah'),
(162, 162, 17, 'BRG00115', 24, 0, '2019-03-13', 'menambah pertama kali', 'tambah'),
(163, 163, 17, 'BRG00116', 12, 0, '2019-03-13', 'menambah pertama kali', 'tambah'),
(164, 164, 17, 'BRG00117', 24, 0, '2019-03-13', 'menambah pertama kali', 'tambah'),
(165, 165, 17, 'BRG00118', 24, 0, '2019-03-13', 'menambah pertama kali', 'tambah'),
(166, 166, 17, 'BRG00119', 24, 0, '2019-03-13', 'menambah pertama kali', 'tambah'),
(167, 167, 17, 'BRG00120', 12, 0, '2019-03-13', 'menambah pertama kali', 'tambah'),
(168, 168, 17, 'BRG00121', 12, 0, '2019-03-13', 'menambah pertama kali', 'tambah'),
(169, 169, 17, 'BRG00122', 12, 0, '2019-03-13', 'menambah pertama kali', 'tambah'),
(170, 170, 17, 'BRG00123', 3, 0, '2019-03-13', 'menambah pertama kali', 'tambah'),
(171, 171, 17, 'BRG00124', 12, 0, '2019-03-15', 'menambah pertama kali', 'tambah'),
(172, 172, 17, 'BRG00125', 12, 0, '2019-03-15', 'menambah pertama kali', 'tambah'),
(173, 173, 17, 'BRG00126', 12, 0, '2019-03-15', 'menambah pertama kali', 'tambah'),
(174, 174, 17, 'BRG00127', 12, 0, '2019-03-15', 'menambah pertama kali', 'tambah'),
(175, 175, 17, 'BRG00128', 12, 0, '2019-03-15', 'menambah pertama kali', 'tambah'),
(176, 176, 17, 'BRG00129', 12, 0, '2019-03-15', 'menambah pertama kali', 'tambah'),
(177, 177, 17, 'BRG00130', 12, 0, '2019-03-15', 'menambah pertama kali', 'tambah'),
(178, 178, 17, 'BRG00131', 12, 0, '2019-03-15', 'menambah pertama kali', 'tambah'),
(179, 179, 17, 'BRG00132', 12, 0, '2019-03-15', 'menambah pertama kali', 'tambah'),
(180, 180, 17, 'BRG00133', 12, 0, '2019-03-19', 'menambah pertama kali', 'tambah'),
(181, 181, 17, 'BRG00133', 12, 0, '2019-03-19', 'menambah pertama kali', 'tambah'),
(182, 182, 17, 'BRG00134', 12, 0, '2019-03-19', 'menambah pertama kali', 'tambah'),
(183, 183, 17, 'BRG00134', 12, 0, '2019-03-19', 'menambah pertama kali', 'tambah'),
(184, 184, 17, 'BRG00135', 12, 0, '2019-03-19', 'menambah pertama kali', 'tambah'),
(185, 185, 17, 'BRG00135', 12, 0, '2019-03-19', 'menambah pertama kali', 'tambah'),
(186, 186, 17, 'BRG00136', 12, 0, '2019-03-19', 'menambah pertama kali', 'tambah'),
(187, 187, 17, 'BRG00136', 12, 0, '2019-03-19', 'menambah pertama kali', 'tambah'),
(188, 188, 17, 'BRG00137', 8, 0, '2019-03-19', 'menambah pertama kali', 'tambah'),
(189, 189, 17, 'BRG00138', 20, 0, '2019-03-19', 'menambah pertama kali', 'tambah'),
(190, 190, 17, 'BRG00139', 12, 0, '2019-03-19', 'menambah pertama kali', 'tambah'),
(191, 191, 17, 'BRG00139', 12, 0, '2019-03-19', 'menambah pertama kali', 'tambah'),
(192, 192, 17, 'BRG00140', 12, 0, '2019-03-19', 'menambah pertama kali', 'tambah'),
(193, 193, 17, 'BRG00140', 8, 0, '2019-03-19', 'menambah pertama kali', 'tambah'),
(194, 194, 17, 'BRG00141', 12, 0, '2019-03-19', 'menambah pertama kali', 'tambah'),
(195, 195, 17, 'BRG00141', 12, 0, '2019-03-19', 'menambah pertama kali', 'tambah'),
(196, 194, 17, 'BRG00141', 11, 385000, '2019-03-19', NULL, 'kurangi'),
(197, 195, 17, 'BRG00141', 12, 420000, '2019-03-19', NULL, 'kurangi'),
(198, 196, 17, 'BRG00142', 2, 0, '2019-03-20', 'menambah pertama kali', 'tambah'),
(199, 197, 17, 'BRG00143', 4, 0, '2019-03-20', 'menambah pertama kali', 'tambah'),
(200, 198, 17, 'BRG00143', 4, 0, '2019-03-20', 'menambah pertama kali', 'tambah'),
(201, 199, 17, 'BRG00144', 8, 0, '2019-03-20', 'menambah pertama kali', 'tambah'),
(202, 200, 17, 'BRG00144', 4, 0, '2019-03-20', 'menambah pertama kali', 'tambah'),
(203, 201, 17, 'BRG00145', 4, 0, '2019-03-20', 'menambah pertama kali', 'tambah'),
(204, 202, 17, 'BRG00145', 8, 0, '2019-03-20', 'menambah pertama kali', 'tambah'),
(205, 203, 17, 'BRG00146', 4, 0, '2019-03-20', 'menambah pertama kali', 'tambah'),
(206, 204, 17, 'BRG00146', 6, 0, '2019-03-20', 'menambah pertama kali', 'tambah'),
(207, 205, 17, 'BRG00147', 8, 0, '2019-03-20', 'menambah pertama kali', 'tambah'),
(208, 206, 17, 'BRG00147', 8, 0, '2019-03-20', 'menambah pertama kali', 'tambah'),
(209, 207, 17, 'BRG00148', 8, 0, '2019-03-20', 'menambah pertama kali', 'tambah'),
(210, 208, 17, 'BRG00148', 4, 0, '2019-03-20', 'menambah pertama kali', 'tambah'),
(211, 209, 17, 'BRG00148', 4, 0, '2019-03-20', 'menambah pertama kali', 'tambah'),
(212, 210, 17, 'BRG00149', 4, 0, '2019-03-20', 'menambah pertama kali', 'tambah'),
(213, 211, 17, 'BRG00149', 4, 0, '2019-03-20', 'menambah pertama kali', 'tambah'),
(214, 212, 17, 'BRG00150', 4, 0, '2019-03-20', 'menambah pertama kali', 'tambah'),
(215, 213, 17, 'BRG00150', 4, 0, '2019-03-20', 'menambah pertama kali', 'tambah'),
(216, 214, 17, 'BRG00151', 6, 0, '2019-03-20', 'menambah pertama kali', 'tambah'),
(217, 215, 17, 'BRG00151', 5, 0, '2019-03-20', 'menambah pertama kali', 'tambah'),
(218, 216, 17, 'BRG00152', 6, 0, '2019-03-20', 'menambah pertama kali', 'tambah'),
(219, 217, 17, 'BRG00152', 5, 0, '2019-03-20', 'menambah pertama kali', 'tambah'),
(220, 218, 17, 'BRG00153', 4, 0, '2019-03-20', 'menambah pertama kali', 'tambah'),
(221, 219, 17, 'BRG00153', 8, 0, '2019-03-20', 'menambah pertama kali', 'tambah'),
(222, 220, 17, 'BRG00154', 4, 0, '2019-03-20', 'menambah pertama kali', 'tambah'),
(223, 221, 17, 'BRG00154', 4, 0, '2019-03-20', 'menambah pertama kali', 'tambah'),
(224, 222, 17, 'BRG00155', 4, 0, '2019-03-20', 'menambah pertama kali', 'tambah'),
(225, 223, 17, 'BRG00155', 4, 0, '2019-03-20', 'menambah pertama kali', 'tambah'),
(226, 224, 17, 'BRG00156', 4, 0, '2019-03-20', 'menambah pertama kali', 'tambah'),
(227, 225, 17, 'BRG00156', 5, 0, '2019-03-20', 'menambah pertama kali', 'tambah'),
(228, 226, 17, 'BRG00157', 4, 0, '2019-03-20', 'menambah pertama kali', 'tambah'),
(229, 227, 17, 'BRG00157', 4, 0, '2019-03-20', 'menambah pertama kali', 'tambah'),
(230, 228, 17, 'BRG00158', 0, 0, '2019-03-22', 'menambah pertama kali', 'tambah'),
(231, 229, 17, 'BRG00158', 0, 0, '2019-03-22', 'menambah pertama kali', 'tambah'),
(232, 230, 17, 'BRG00158', 0, 0, '2019-03-22', 'menambah pertama kali', 'tambah'),
(233, 231, 17, 'BRG00158', 0, 0, '2019-03-22', 'menambah pertama kali', 'tambah'),
(234, 232, 17, 'BRG00158', 1, 0, '2019-03-22', 'menambah pertama kali', 'tambah'),
(235, 233, 17, 'BRG00158', 0, 0, '2019-03-22', 'menambah pertama kali', 'tambah'),
(236, 234, 17, 'BRG00159', 0, 0, '2019-03-22', 'menambah pertama kali', 'tambah'),
(237, 235, 17, 'BRG00159', 1, 0, '2019-03-22', 'menambah pertama kali', 'tambah'),
(238, 236, 17, 'BRG00159', 0, 0, '2019-03-22', 'menambah pertama kali', 'tambah'),
(239, 237, 17, 'BRG00159', 0, 0, '2019-03-22', 'menambah pertama kali', 'tambah'),
(240, 238, 17, 'BRG00159', 2, 0, '2019-03-22', 'menambah pertama kali', 'tambah'),
(241, 239, 17, 'BRG00159', 2, 0, '2019-03-22', 'menambah pertama kali', 'tambah'),
(242, 240, 17, 'BRG00160', 0, 0, '2019-03-22', 'menambah pertama kali', 'tambah'),
(243, 241, 17, 'BRG00160', 0, 0, '2019-03-22', 'menambah pertama kali', 'tambah'),
(244, 242, 17, 'BRG00160', 0, 0, '2019-03-22', 'menambah pertama kali', 'tambah'),
(245, 243, 17, 'BRG00160', 0, 0, '2019-03-22', 'menambah pertama kali', 'tambah'),
(246, 244, 17, 'BRG00160', 1, 0, '2019-03-22', 'menambah pertama kali', 'tambah'),
(247, 245, 17, 'BRG00160', 0, 0, '2019-03-22', 'menambah pertama kali', 'tambah'),
(248, 246, 17, 'BRG00161', 2, 0, '2019-03-22', 'menambah pertama kali', 'tambah'),
(249, 247, 17, 'BRG00161', 0, 0, '2019-03-22', 'menambah pertama kali', 'tambah'),
(250, 248, 17, 'BRG00161', 0, 0, '2019-03-22', 'menambah pertama kali', 'tambah'),
(251, 249, 17, 'BRG00161', 0, 0, '2019-03-22', 'menambah pertama kali', 'tambah'),
(252, 250, 17, 'BRG00161', 0, 0, '2019-03-22', 'menambah pertama kali', 'tambah'),
(253, 251, 17, 'BRG00161', 0, 0, '2019-03-22', 'menambah pertama kali', 'tambah'),
(254, 252, 17, 'BRG00162', 7, 0, '2019-03-22', 'menambah pertama kali', 'tambah'),
(255, 253, 17, 'BRG00162', 5, 0, '2019-03-22', 'menambah pertama kali', 'tambah'),
(256, 254, 17, 'BRG00162', 1, 0, '2019-03-22', 'menambah pertama kali', 'tambah'),
(257, 255, 17, 'BRG00162', 4, 0, '2019-03-22', 'menambah pertama kali', 'tambah'),
(258, 256, 17, 'BRG00162', 3, 0, '2019-03-22', 'menambah pertama kali', 'tambah'),
(259, 257, 17, 'BRG00162', 0, 0, '2019-03-22', 'menambah pertama kali', 'tambah'),
(260, 258, 17, 'BRG00163', 2, 0, '2019-03-22', 'menambah pertama kali', 'tambah'),
(261, 259, 17, 'BRG00163', 1, 0, '2019-03-22', 'menambah pertama kali', 'tambah'),
(262, 260, 17, 'BRG00163', 0, 0, '2019-03-22', 'menambah pertama kali', 'tambah'),
(263, 261, 17, 'BRG00163', 0, 0, '2019-03-22', 'menambah pertama kali', 'tambah'),
(264, 262, 17, 'BRG00163', 0, 0, '2019-03-22', 'menambah pertama kali', 'tambah'),
(265, 263, 17, 'BRG00163', 0, 0, '2019-03-22', 'menambah pertama kali', 'tambah'),
(266, 264, 17, 'BRG00164', 0, 0, '2019-03-22', 'menambah pertama kali', 'tambah'),
(267, 265, 17, 'BRG00164', 2, 0, '2019-03-22', 'menambah pertama kali', 'tambah'),
(268, 266, 17, 'BRG00164', 0, 0, '2019-03-22', 'menambah pertama kali', 'tambah'),
(269, 267, 17, 'BRG00164', 0, 0, '2019-03-22', 'menambah pertama kali', 'tambah'),
(270, 268, 17, 'BRG00164', 0, 0, '2019-03-22', 'menambah pertama kali', 'tambah'),
(271, 269, 17, 'BRG00164', 0, 0, '2019-03-22', 'menambah pertama kali', 'tambah'),
(272, 270, 17, 'BRG00165', 5, 0, '2019-03-22', 'menambah pertama kali', 'tambah'),
(273, 271, 17, 'BRG00165', 1, 0, '2019-03-22', 'menambah pertama kali', 'tambah'),
(274, 272, 17, 'BRG00165', 0, 0, '2019-03-22', 'menambah pertama kali', 'tambah'),
(275, 273, 17, 'BRG00165', 4, 0, '2019-03-22', 'menambah pertama kali', 'tambah'),
(276, 274, 17, 'BRG00165', 1, 0, '2019-03-22', 'menambah pertama kali', 'tambah'),
(277, 275, 17, 'BRG00165', 4, 0, '2019-03-22', 'menambah pertama kali', 'tambah'),
(278, 276, 17, 'BRG00166', 0, 0, '2019-03-22', 'menambah pertama kali', 'tambah'),
(279, 277, 17, 'BRG00166', 1, 0, '2019-03-22', 'menambah pertama kali', 'tambah'),
(280, 278, 17, 'BRG00166', 1, 0, '2019-03-22', 'menambah pertama kali', 'tambah'),
(281, 279, 17, 'BRG00166', 1, 0, '2019-03-22', 'menambah pertama kali', 'tambah'),
(282, 280, 17, 'BRG00166', 0, 0, '2019-03-22', 'menambah pertama kali', 'tambah'),
(283, 281, 17, 'BRG00166', 0, 0, '2019-03-22', 'menambah pertama kali', 'tambah'),
(284, 282, 17, 'BRG00167', 2, 0, '2019-03-22', 'menambah pertama kali', 'tambah'),
(285, 283, 17, 'BRG00168', 8, 0, '2019-03-22', 'menambah pertama kali', 'tambah'),
(286, 284, 17, 'BRG00169', 5, 0, '2019-03-22', 'menambah pertama kali', 'tambah');

--
-- Trigger `tb_tambahstoks`
--
DELIMITER $$
CREATE TRIGGER `add_stok` AFTER INSERT ON `tb_tambahstoks` FOR EACH ROW update tb_barangs set stok=stok+new.jumlah where idbarang=new.idwarna
$$
DELIMITER ;

-- --------------------------------------------------------

--
-- Struktur dari tabel `tb_transaksis`
--

CREATE TABLE `tb_transaksis` (
  `id` int(11) NOT NULL,
  `iduser` int(11) DEFAULT NULL,
  `faktur` varchar(300) DEFAULT NULL,
  `tgl` date DEFAULT NULL,
  `total` int(11) DEFAULT NULL,
  `status` enum('terkirim','dibaca','diterima','ditolak','sukses','batal') DEFAULT NULL,
  `alamat_tujuan` text,
  `admin` varchar(100) DEFAULT NULL,
  `ongkir` int(11) DEFAULT '0',
  `potongan` int(11) DEFAULT '0',
  `total_akhir` int(11) DEFAULT NULL,
  `pembayaran` varchar(50) DEFAULT NULL,
  `keterangan` text,
  `metode` enum('pesan','langsung') DEFAULT 'pesan'
) ENGINE=InnoDB DEFAULT CHARSET=latin1;

--
-- Dumping data untuk tabel `tb_transaksis`
--

INSERT INTO `tb_transaksis` (`id`, `iduser`, `faktur`, `tgl`, `total`, `status`, `alamat_tujuan`, `admin`, `ongkir`, `potongan`, `total_akhir`, `pembayaran`, `keterangan`, `metode`) VALUES
(1, 7, 'DVN03031900001', '2019-03-03', 55000, 'terkirim', 'Nama : null Alamat : null null Kota : null Provinsi: null', NULL, 0, 0, 55000, '1', NULL, 'langsung'),
(3, 7, 'STA03031900002', '2019-03-03', 132000, 'terkirim', 'Nama : null Alamat : null null Kota : null Provinsi: null', NULL, 0, 0, 132000, '1', NULL, 'langsung'),
(4, 7, 'STA03031900003', '2019-03-03', 440000, 'terkirim', 'Nama : null Alamat : null null Kota : null Provinsi: null', NULL, 0, 0, 440000, '1', NULL, 'langsung'),
(5, 7, 'STA04031900004', '2019-03-04', 615000, 'terkirim', 'Nama : null Alamat : null null Kota : null Provinsi: null', NULL, 0, 0, 615000, '1', NULL, 'langsung'),
(6, 7, 'STA04031900005', '2019-03-04', 650000, 'terkirim', 'Nama : null Alamat : null null Kota : null Provinsi: null', NULL, 0, 0, 650000, '1', NULL, 'langsung'),
(7, 7, 'STA04031900006', '2019-03-04', 220000, 'terkirim', 'Nama : null Alamat : null null Kota : null Provinsi: null', NULL, 0, 0, 220000, '1', NULL, 'langsung'),
(8, 7, 'STA04031900007', '2019-03-04', 98000, 'terkirim', 'Nama : null Alamat : null null Kota : null Provinsi: null', NULL, 0, 0, 98000, '1', NULL, 'langsung'),
(9, 7, 'STA05031900008', '2019-03-05', 98000, 'terkirim', 'Nama : null Alamat : null null Kota : null Provinsi: null', NULL, 0, 0, 98000, '1', NULL, 'langsung'),
(10, 7, 'STA08031900009', '2019-03-08', 110000, 'terkirim', 'Nama : null Alamat : null null Kota : null Provinsi: null', NULL, 0, 0, 110000, '1', NULL, 'langsung'),
(11, 8, 'STA10031900010', '2019-03-10', 55000, 'terkirim', 'Nama : mayzura Alamat : gilang ngunut 66292 Kota : tulungagung Provinsi: jawa timur', NULL, 0, 0, 55000, '1', NULL, 'langsung'),
(12, 7, 'STA10031900011', '2019-03-10', 55000, 'terkirim', 'Nama : Lina coba Alamat : blimbing rejotangan 12345 Kota : tulungagung Provinsi: Jawa Timur', NULL, 0, 0, 55000, '1', NULL, 'langsung'),
(13, 7, 'STA11031900012', '2019-03-11', 68000, 'terkirim', 'Nama : Lina coba Alamat : blimbing rejotangan 12345 Kota : tulungagung Provinsi: Jawa Timur', NULL, 0, 0, 68000, '1', NULL, 'langsung'),
(14, 10, 'STA11031900013', '2019-03-11', 55000, 'terkirim', 'Nama : dahlia desyta Alamat : rt 3 rw 5 dusun baran 2, desa panjerejo, kec. rejotangan 66293 Kota : tulungagung Provinsi: jawa timur', NULL, 0, 0, 55000, '1', NULL, 'langsung'),
(15, 11, 'STA11031900014', '2019-03-11', 65000, 'terkirim', 'Nama : rizkyshopblitar Alamat : ponggok blitar 66122 Kota : blitar Provinsi: jawatimur', NULL, 0, 0, 65000, '1', NULL, 'langsung'),
(16, 11, 'STA11031900015', '2019-03-11', 68000, 'terkirim', 'Nama : rizkyshopblitar Alamat : ponggok blitar 66122 Kota : blitar Provinsi: jawatimur', NULL, 0, 0, 68000, '1', NULL, 'langsung'),
(17, 7, 'STA15031900016', '2019-03-15', 77000, 'terkirim', 'Nama : Lina coba Alamat : blimbing rejotangan 12345 Kota : tulungagung Provinsi: Jawa Timur', NULL, 0, 0, 77000, '1', NULL, 'langsung'),
(18, 15, 'STA16031900017', '2019-03-16', 82000, 'terkirim', 'Nama : Dwi Qurniawan Alamat : dusun ngipik Rt01 Rw02 ds tenggur kec Rejotangan  66293 Kota : Tulungagung Provinsi: jawa timur', NULL, 0, 0, 82000, '1', NULL, 'langsung'),
(19, 15, 'STA17031900018', '2019-03-17', 82000, 'terkirim', 'Nama : Dwi Qurniawan Alamat : dusun ngipik Rt01 Rw02 ds tenggur kec Rejotangan  66293 Kota : Tulungagung Provinsi: jawa timur', NULL, 0, 0, 82000, '1', NULL, 'langsung'),
(20, 15, 'STA17031900019', '2019-03-17', 82000, 'terkirim', 'Nama : Dwi Qurniawan Alamat : dusun ngipik Rt01 Rw02 ds tenggur kec Rejotangan  66293 Kota : Tulungagung Provinsi: jawa timur', NULL, 0, 0, 82000, '1', NULL, 'langsung'),
(21, 15, 'STA19031900020', '2019-03-19', 82000, 'terkirim', 'Nama : Dwi Qurniawan Alamat : dusun ngipik Rt01 Rw02 ds tenggur kec Rejotangan  66293 Kota : Tulungagung Provinsi: jawa timur', NULL, 0, 0, 82000, '1', NULL, 'langsung'),
(22, 15, 'STA21031900021', '2019-03-21', 82000, 'terkirim', 'Nama : Dwi Qurniawan Alamat : dusun ngipik Rt01 Rw02 ds tenggur kec Rejotangan  66293 Kota : Tulungagung Provinsi: jawa timur', NULL, 0, 0, 82000, '1', NULL, 'langsung');

-- --------------------------------------------------------

--
-- Struktur dari tabel `tb_users`
--

CREATE TABLE `tb_users` (
  `id` int(11) NOT NULL,
  `username` varchar(100) DEFAULT NULL,
  `password` text,
  `email` varchar(100) DEFAULT NULL,
  `telp` varchar(45) DEFAULT NULL,
  `nama` varchar(100) DEFAULT NULL,
  `alamat` text,
  `kota` varchar(100) DEFAULT NULL,
  `provinsi` varchar(100) DEFAULT NULL,
  `kodepos` varchar(45) DEFAULT NULL,
  `level` enum('biasa','reseller') DEFAULT 'biasa',
  `ktp_gmb` varchar(100) DEFAULT NULL,
  `cancel` int(11) DEFAULT '0'
) ENGINE=InnoDB DEFAULT CHARSET=latin1;

--
-- Dumping data untuk tabel `tb_users`
--

INSERT INTO `tb_users` (`id`, `username`, `password`, `email`, `telp`, `nama`, `alamat`, `kota`, `provinsi`, `kodepos`, `level`, `ktp_gmb`, `cancel`) VALUES
(1, 'jianfitri', '$2y$10$7OFfX7UYIFIg5eZqfHEm/.kGniFHkqVE6/Avzcze7GuOfVjxB3n9e', 'jian@gmail.com', '023498290348', 'jian fitri aprilia', 'gurah kediri', 'kediri lagi', 'aceh', '09348', 'biasa', '1547635500-2.jpg', 0),
(3, 'fauziahmad', '$2y$10$w/H3R1TZdbwYWAGas981seTeBK02UqvEf53lyddI92yeDxy4N7C0K', 'ahmad@gmail.com', '023899009', 'ahmad fauzi tamvan', 'loceret ngnyuk', 'loceret', 'jakarta', '00002', 'biasa', '1547641123-13.jpg', 0),
(4, 'adisasmito', '$2y$10$gNTRQ2/NHO2AA.lhJ/lbu.H6Arh/RxFJyT3Tyw2Bg2QhUp8VnxNJe', 'heru@gmail.com', '0238490238', 'heru adi sasmito', 'kediri gurah', 'kediri', 'aceh', '023948', 'biasa', '1547646632-10.jpg', 0),
(5, 'rinookta', '$2y$10$NV2gE59qH98cfbix8E0ceOpeEN5xZBqstNAIkmOERMI7nJdq0Jo4S', 'rino@gmail.com', '0859874929890', 'rino oktavian', 'babatan, JLN iwak enak no 1', 'kediri', 'jawa timur', '03498', 'biasa', '1547814815-contohktp.png', 0),
(7, 'lina mr', '$2y$10$0Q5mdnI7gJ3FY4fW.ap0oO6aLGjgFA5q4ZZaA.Fqeh74xNlgJ89IG', 'linamr123@gmail.com', '081249745314', 'Lina coba', 'blimbing rejotangan', 'tulungagung', 'Jawa Timur', '12345', 'biasa', NULL, 0),
(8, 'mayzura', '$2y$10$osgfcCx2dDI1xX0uAfqwYe4kD7705L1WNDnzShJXJU9DG2VW/c/92', 'sitimyzu@gmail.com', '085785282561', 'mayzura', 'gilang ngunut', 'tulungagung', 'jawa timur', '66292', 'biasa', NULL, 0),
(9, '15666666666', '$2y$10$DR3jSXSpQut07tCHLQw7XeCwGatWr5LN2dT2gd/zruGtsquovtH7m', '15666666666', '15666666666', NULL, NULL, NULL, NULL, NULL, 'biasa', NULL, 0),
(10, 'dahlia desyta', '$2y$10$HI.MH0rd.FbXRrasxcUMv.FKyvyeV5pAx06bQEJn0w2CeDaKeIElC', 'dahliadesyta@gmail.com', '08563582082', 'dahlia desyta', 'rt 3 rw 5 dusun baran 2, desa panjerejo, kec. rejotangan', 'tulungagung', 'jawa timur', '66293', 'biasa', NULL, 0),
(11, 'kikirizky', '$2y$10$1ovvRUaPkyXEXfusWfiHPe7Ki1CSuhXysVAGz4p2dj1vxZZzmCJUa', 'rizkymei20@gmail.com', '085816932597', 'rizkyshopblitar', 'ponggok blitar', 'blitar', 'jawatimur', '66122', 'biasa', NULL, 0),
(12, 'Najib OS', '$2y$10$18SOKQb3qJtTyoca6UAG9eHnHIPa1o3BLF6iCl9s9/atxAGmArjXq', 'dedekemes33@gmail.com', '085808350824', 'Muhammad Ainun Najib', 'RT 02 RW 01 DUSUN CEMENUNG DESA SUKOREJO WETAN KEC REJOTANGAN', 'TULUNGAGUNG', 'JAWA TIMUR', '66293', 'biasa', NULL, 0),
(13, 'Muhamad Faisol', '$2y$10$o6.nn1XKhgSZ15GJ5U37KOBq/.CiyY3eGACsIlb9i4K.1x.BZMKw2', 'izzul2417@gmail.com', '085784191665', NULL, NULL, NULL, NULL, NULL, 'biasa', NULL, 0),
(14, 'istyqomah', '$2y$10$zr5WQJehIrSTOZnbU6wC8.6.LrbcuEBIXComHfrxPIEUxiQoIRI.y', 'iis.16.cute@gmail.com', '085717738574', NULL, NULL, NULL, NULL, NULL, 'biasa', NULL, 0),
(15, 'bogang', '$2y$10$chBby9nUB/LHCcxPIaAJGOZmN6rrB2TiCzPCMHkKKjFzu8M1bLAe6', 'dwiqurniawan59@gmail.com', '085604065450', 'Dwi Qurniawan', 'dusun ngipik Rt01 Rw02 ds tenggur kec Rejotangan', 'Tulungagung', 'jawa timur', '66293', 'biasa', NULL, 0),
(16, 'susan', '$2y$10$D9.sWveivvNmLdRMJAkDyuRPEYntMh0fce/RPia/WQDjDPbXCU9tC', 'choirulanam2467@gmail.com', '085607865229', NULL, NULL, NULL, NULL, NULL, 'biasa', NULL, 0),
(17, 'Wulansofika', '$2y$10$q7Qg2IfFy88tKlCa.IKV8e6sjJw2v4ka3iB6se0jJZc3zFTW9rq8K', 'wulansafika1202@gmail.com', '085859458104', NULL, NULL, NULL, NULL, NULL, 'biasa', NULL, 0),
(18, 'endahsusanti', '$2y$10$RfHDkRDBKBwdsGiI8M6hSetaQXzqykQmei1w/x4GoBuEk1IXpx6Nq', 'suzzan.endah@gmail.com', '085708575517', 'Endah Susanti', 'Desa Baruharjo, rt/rw 05/02, Durenan', 'Trenggalek', 'jawa timur', '66381', 'biasa', '1552924063-20181227_155755.jpg', 0);

-- --------------------------------------------------------

--
-- Struktur dari tabel `tb_varian`
--

CREATE TABLE `tb_varian` (
  `id` int(11) NOT NULL,
  `kode_v` varchar(50) DEFAULT '0',
  `varian` varchar(50) DEFAULT '0',
  `hex` varchar(50) DEFAULT '0'
) ENGINE=MyISAM DEFAULT CHARSET=latin1;

--
-- Dumping data untuk tabel `tb_varian`
--

INSERT INTO `tb_varian` (`id`, `kode_v`, `varian`, `hex`) VALUES
(3, '03', 'Biru', '0'),
(4, '04', 'Hijau', '0'),
(5, '05', 'biru muda', '#00ffff'),
(6, '06', 'hijau daun', '#40bf56'),
(7, '07', 'merah muda', '#c82bd5');

--
-- Indexes for dumped tables
--

--
-- Indeks untuk tabel `admins`
--
ALTER TABLE `admins`
  ADD PRIMARY KEY (`id`);

--
-- Indeks untuk tabel `detail_cancel`
--
ALTER TABLE `detail_cancel`
  ADD PRIMARY KEY (`id`);

--
-- Indeks untuk tabel `gambar`
--
ALTER TABLE `gambar`
  ADD PRIMARY KEY (`id`);

--
-- Indeks untuk tabel `keranjang_cancel`
--
ALTER TABLE `keranjang_cancel`
  ADD PRIMARY KEY (`id`);

--
-- Indeks untuk tabel `log_cancel`
--
ALTER TABLE `log_cancel`
  ADD PRIMARY KEY (`id`);

--
-- Indeks untuk tabel `migrations`
--
ALTER TABLE `migrations`
  ADD PRIMARY KEY (`id`);

--
-- Indeks untuk tabel `omset`
--
ALTER TABLE `omset`
  ADD PRIMARY KEY (`id`);

--
-- Indeks untuk tabel `settings`
--
ALTER TABLE `settings`
  ADD PRIMARY KEY (`idsettings`);

--
-- Indeks untuk tabel `sliders`
--
ALTER TABLE `sliders`
  ADD PRIMARY KEY (`id`);

--
-- Indeks untuk tabel `tb_bank`
--
ALTER TABLE `tb_bank`
  ADD PRIMARY KEY (`id`);

--
-- Indeks untuk tabel `tb_barangs`
--
ALTER TABLE `tb_barangs`
  ADD PRIMARY KEY (`idbarang`);

--
-- Indeks untuk tabel `tb_details`
--
ALTER TABLE `tb_details`
  ADD PRIMARY KEY (`id`);

--
-- Indeks untuk tabel `tb_kategoris`
--
ALTER TABLE `tb_kategoris`
  ADD PRIMARY KEY (`id`);

--
-- Indeks untuk tabel `tb_kodes`
--
ALTER TABLE `tb_kodes`
  ADD PRIMARY KEY (`id`);

--
-- Indeks untuk tabel `tb_stokawals`
--
ALTER TABLE `tb_stokawals`
  ADD PRIMARY KEY (`id`);

--
-- Indeks untuk tabel `tb_tambahstoks`
--
ALTER TABLE `tb_tambahstoks`
  ADD PRIMARY KEY (`id`);

--
-- Indeks untuk tabel `tb_transaksis`
--
ALTER TABLE `tb_transaksis`
  ADD PRIMARY KEY (`id`);

--
-- Indeks untuk tabel `tb_users`
--
ALTER TABLE `tb_users`
  ADD PRIMARY KEY (`id`);

--
-- Indeks untuk tabel `tb_varian`
--
ALTER TABLE `tb_varian`
  ADD PRIMARY KEY (`id`);

--
-- AUTO_INCREMENT untuk tabel yang dibuang
--

--
-- AUTO_INCREMENT untuk tabel `admins`
--
ALTER TABLE `admins`
  MODIFY `id` int(11) NOT NULL AUTO_INCREMENT, AUTO_INCREMENT=18;

--
-- AUTO_INCREMENT untuk tabel `detail_cancel`
--
ALTER TABLE `detail_cancel`
  MODIFY `id` int(11) NOT NULL AUTO_INCREMENT, AUTO_INCREMENT=3;

--
-- AUTO_INCREMENT untuk tabel `gambar`
--
ALTER TABLE `gambar`
  MODIFY `id` int(11) NOT NULL AUTO_INCREMENT, AUTO_INCREMENT=228;

--
-- AUTO_INCREMENT untuk tabel `keranjang_cancel`
--
ALTER TABLE `keranjang_cancel`
  MODIFY `id` int(11) NOT NULL AUTO_INCREMENT, AUTO_INCREMENT=13;

--
-- AUTO_INCREMENT untuk tabel `log_cancel`
--
ALTER TABLE `log_cancel`
  MODIFY `id` int(11) NOT NULL AUTO_INCREMENT, AUTO_INCREMENT=2;

--
-- AUTO_INCREMENT untuk tabel `migrations`
--
ALTER TABLE `migrations`
  MODIFY `id` int(10) UNSIGNED NOT NULL AUTO_INCREMENT;

--
-- AUTO_INCREMENT untuk tabel `omset`
--
ALTER TABLE `omset`
  MODIFY `id` int(11) NOT NULL AUTO_INCREMENT;

--
-- AUTO_INCREMENT untuk tabel `settings`
--
ALTER TABLE `settings`
  MODIFY `idsettings` int(11) NOT NULL AUTO_INCREMENT, AUTO_INCREMENT=2;

--
-- AUTO_INCREMENT untuk tabel `sliders`
--
ALTER TABLE `sliders`
  MODIFY `id` int(11) NOT NULL AUTO_INCREMENT, AUTO_INCREMENT=4;

--
-- AUTO_INCREMENT untuk tabel `tb_bank`
--
ALTER TABLE `tb_bank`
  MODIFY `id` int(11) NOT NULL AUTO_INCREMENT, AUTO_INCREMENT=5;

--
-- AUTO_INCREMENT untuk tabel `tb_barangs`
--
ALTER TABLE `tb_barangs`
  MODIFY `idbarang` int(11) NOT NULL AUTO_INCREMENT, AUTO_INCREMENT=285;

--
-- AUTO_INCREMENT untuk tabel `tb_details`
--
ALTER TABLE `tb_details`
  MODIFY `id` int(11) NOT NULL AUTO_INCREMENT, AUTO_INCREMENT=42;

--
-- AUTO_INCREMENT untuk tabel `tb_kategoris`
--
ALTER TABLE `tb_kategoris`
  MODIFY `id` int(11) NOT NULL AUTO_INCREMENT, AUTO_INCREMENT=45;

--
-- AUTO_INCREMENT untuk tabel `tb_kodes`
--
ALTER TABLE `tb_kodes`
  MODIFY `id` int(11) NOT NULL AUTO_INCREMENT, AUTO_INCREMENT=172;

--
-- AUTO_INCREMENT untuk tabel `tb_stokawals`
--
ALTER TABLE `tb_stokawals`
  MODIFY `id` int(11) NOT NULL AUTO_INCREMENT;

--
-- AUTO_INCREMENT untuk tabel `tb_tambahstoks`
--
ALTER TABLE `tb_tambahstoks`
  MODIFY `id` int(11) NOT NULL AUTO_INCREMENT, AUTO_INCREMENT=287;

--
-- AUTO_INCREMENT untuk tabel `tb_transaksis`
--
ALTER TABLE `tb_transaksis`
  MODIFY `id` int(11) NOT NULL AUTO_INCREMENT, AUTO_INCREMENT=23;

--
-- AUTO_INCREMENT untuk tabel `tb_users`
--
ALTER TABLE `tb_users`
  MODIFY `id` int(11) NOT NULL AUTO_INCREMENT, AUTO_INCREMENT=19;

--
-- AUTO_INCREMENT untuk tabel `tb_varian`
--
ALTER TABLE `tb_varian`
  MODIFY `id` int(11) NOT NULL AUTO_INCREMENT, AUTO_INCREMENT=8;
COMMIT;

/*!40101 SET CHARACTER_SET_CLIENT=@OLD_CHARACTER_SET_CLIENT */;
/*!40101 SET CHARACTER_SET_RESULTS=@OLD_CHARACTER_SET_RESULTS */;
/*!40101 SET COLLATION_CONNECTION=@OLD_COLLATION_CONNECTION */;
